feature,importance_mean
rdkit_MolLogP,371.0
shape_asphericity,243.0
rdkit_FpDensityMorgan3,214.4
shape_npr1,206.46666666666667
rdkit_MinAbsEStateIndex,200.06666666666666
rdkit_VSA_EState2,198.06666666666666
rdkit_PEOE_VSA8,194.53333333333333
mordred_GATS4d,192.33333333333334
mordred_GATS8d,190.53333333333333
mordred_GATS5c,188.33333333333334
mordred_SLogP,187.2
mordred_GATS6c,184.0
rdkit_PEOE_VSA7,181.86666666666667
mordred_GATS8c,181.66666666666666
rdkit_PEOE_VSA9,180.93333333333334
rdkit_qed,179.33333333333334
mordred_FilterItLogS,179.2
mordred_GATS3c,175.53333333333333
mordred_GATS4s,175.46666666666667
mordred_ATSC1se,175.2
mordred_MATS3c,173.66666666666666
mordred_GATS3s,169.66666666666666
rdkit_EState_VSA3,169.46666666666667
mordred_ATSC3c,168.73333333333332
mordred_GATS7s,168.4
mordred_GATS5s,166.6
rdkit_TPSA,166.33333333333334
mordred_GATS6s,166.0
mordred_ATSC4d,165.93333333333334
mordred_GATS7c,165.93333333333334
mordred_GATS4c,165.33333333333334
mordred_GGI4,164.73333333333332
mordred_GATS8i,164.66666666666666
mordred_MATS8d,163.66666666666666
mordred_GATS8s,163.13333333333333
mordred_GATS6Z,163.0
mordred_ATSC3dv,162.6
mordred_SpDiam_A,162.06666666666666
mordred_ATSC7v,160.06666666666666
mordred_ATSC2d,158.53333333333333
mordred_ATSC8c,158.13333333333333
mordred_MATS1c,155.86666666666667
shape_pmi1,154.93333333333334
shape_pmi2,154.06666666666666
rdkit_FpDensityMorgan2,154.06666666666666
rdkit_VSA_EState3,153.73333333333332
mordred_GATS5Z,153.33333333333334
mordred_GATS8Z,153.13333333333333
mordred_GATS1c,152.93333333333334
mordred_GATS3se,152.2
mordred_ATSC3p,152.13333333333333
mordred_GATS5d,151.66666666666666
rdkit_EState_VSA4,151.53333333333333
vina_score_1,151.26666666666668
mordred_GATS7p,150.86666666666667
mordred_Xc-5dv,150.53333333333333
mordred_GATS3d,150.46666666666667
mordred_VE1_A,150.06666666666666
mordred_GATS7se,149.93333333333334
mordred_AATSC3dv,149.73333333333332
mordred_ATSC5d,148.26666666666668
mordred_ATSC3d,148.06666666666666
mordred_GATS3Z,148.0
mordred_ZMIC3,147.6
rdkit_PEOE_VSA10,147.26666666666668
mordred_ATSC8d,147.2
rdkit_EState_VSA8,146.06666666666666
mordred_GATS4Z,145.8
rdkit_SlogP_VSA2,145.46666666666667
mordred_MATS8c,144.86666666666667
mordred_ATSC3pe,144.86666666666667
rdkit_VSA_EState4,144.73333333333332
mordred_ATSC3se,144.33333333333334
mordred_ATSC8i,144.26666666666668
shape_pmi3,144.13333333333333
rdkit_PEOE_VSA6,143.93333333333334
mordred_GATS5i,143.73333333333332
mordred_ATSC6c,143.66666666666666
mordred_GATS7Z,143.06666666666666
mordred_CIC3,142.6
mordred_ATSC3s,141.93333333333334
rdkit_EState_VSA7,141.93333333333334
rdkit_EState_VSA5,141.6
mordred_Xch-6dv,141.53333333333333
mordred_GATS4dv,140.73333333333332
rdkit_VSA_EState8,140.46666666666667
mordred_ATSC5i,140.2
mordred_GATS4i,140.06666666666666
mordred_ATSC3Z,140.0
mordred_MATS4c,139.93333333333334
rdkit_VSA_EState7,139.73333333333332
mordred_GATS6se,139.53333333333333
mordred_CIC2,139.26666666666668
mordred_CIC4,139.0
mordred_GATS6d,138.93333333333334
mordred_AATSC1i,138.6
mordred_ATSC7i,138.26666666666668
mordred_MATS4s,138.2
rdkit_VSA_EState5,138.13333333333333
mordred_MATS5se,137.8
mordred_AATSC3Z,137.8
mordred_ATSC3i,137.66666666666666
mordred_ATSC5Z,137.53333333333333
mordred_MATS5d,137.26666666666668
mordred_ATSC7c,136.93333333333334
vina_score_mean,136.73333333333332
mordred_ATSC5c,136.06666666666666
mordred_ATSC6d,136.06666666666666
mordred_ATSC2Z,135.93333333333334
mordred_ATSC6s,135.86666666666667
mordred_GATS3p,135.46666666666667
mordred_ATSC5se,135.46666666666667
mordred_GATS7v,135.4
mordred_AATSC8i,135.33333333333334
mordred_GATS7i,135.2
rdkit_SlogP_VSA3,135.0
mordred_ATSC1pe,134.66666666666666
mordred_ATSC4c,134.66666666666666
mordred_AATS5i,133.73333333333332
mordred_MATS6c,132.8
mordred_GATS5p,132.66666666666666
mordred_GATS5se,132.53333333333333
mordred_GATS6i,131.93333333333334
mordred_GATS2s,131.93333333333334
mordred_GATS8dv,131.86666666666667
mordred_MATS7c,131.66666666666666
mordred_SdssC,131.66666666666666
mordred_GATS7d,131.46666666666667
mordred_Xch-7dv,130.93333333333334
mordred_ATSC2c,130.86666666666667
mordred_MDEC-33,130.66666666666666
mordred_GATS7dv,130.66666666666666
mordred_ATSC4i,130.33333333333334
mordred_GATS5v,130.26666666666668
mordred_GATS8se,129.66666666666666
mordred_AATSC0v,129.53333333333333
rdkit_EState_VSA6,129.06666666666666
mordred_ATSC5p,129.06666666666666
mordred_GATS1s,128.93333333333334
mordred_GATS8p,128.93333333333334
mordred_GATS3i,128.8
mordred_GATS3dv,128.73333333333332
mordred_SaasC,128.4
mordred_ATSC4dv,128.4
rdkit_SMR_VSA6,128.2
mordred_AATSC7i,128.0
mordred_GATS4se,127.86666666666666
mordred_ATSC7d,127.6
mordred_AMID_N,127.46666666666667
mordred_ATSC4s,127.13333333333334
rdkit_SlogP_VSA5,126.73333333333333
mordred_MATS2se,126.46666666666667
mordred_ATSC3v,126.33333333333333
rdkit_EState_VSA2,125.46666666666667
mordred_MATS5c,125.33333333333333
mordred_MATS7se,125.13333333333334
mordred_GATS3v,125.06666666666666
mordred_GATS2i,124.86666666666666
mordred_GATS1se,124.8
mordred_ATSC7p,124.73333333333333
mordred_ATSC8dv,124.66666666666667
mordred_GATS4p,124.53333333333333
mordred_AATSC5i,124.46666666666667
mordred_GATS2c,124.33333333333333
mordred_AATS6i,124.33333333333333
mordred_AATS3i,124.26666666666667
mordred_ATS5Z,124.2
rdkit_AvgIpc,124.13333333333334
mordred_AATSC2Z,123.86666666666666
mordred_IC2,123.6
rdkit_PEOE_VSA2,123.33333333333333
mordred_ATSC8s,122.93333333333334
mordred_AATS8i,122.86666666666666
mordred_MINaasC,122.73333333333333
mordred_ATSC6i,122.66666666666667
mordred_ATSC2i,122.4
mordred_IC3,122.4
rdkit_MaxAbsEStateIndex,122.26666666666667
mordred_GGI8,122.26666666666667
mordred_ATSC8p,121.93333333333334
mordred_ZMIC2,121.8
rdkit_FpDensityMorgan1,121.66666666666667
mordred_ATSC2dv,121.66666666666667
mordred_GATS8v,121.33333333333333
mordred_ATSC7dv,121.06666666666666
mordred_AATSC5v,121.06666666666666
mordred_ATSC5v,121.0
mordred_GATS6p,120.93333333333334
mordred_AATSC6i,120.8
mordred_AATSC3i,120.66666666666667
mordred_MATS4i,120.66666666666667
mordred_AATSC5Z,120.53333333333333
rdkit_SMR_VSA5,120.26666666666667
mordred_ATSC7s,120.06666666666666
mordred_TopoPSA,120.0
mordred_AATS1i,119.86666666666666
mordred_AATSC3s,119.73333333333333
mordred_Xch-7d,119.6
mordred_ATSC5dv,119.4
mordred_MATS6d,119.26666666666667
mordred_BCUTd-1h,119.26666666666667
mordred_ATSC8v,119.13333333333334
mordred_ATSC8se,119.13333333333334
mordred_ATSC6Z,119.0
mordred_MAXaasC,118.93333333333334
mordred_AATSC6s,118.8
rdkit_PEOE_VSA1,118.46666666666667
mordred_GATS6dv,118.46666666666667
mordred_MATS5p,118.4
mordred_AATSC4dv,118.2
mordred_ATSC4p,118.13333333333334
mordred_ATSC1c,118.06666666666666
mordred_GATS5dv,118.06666666666666
mordred_AMID_O,118.0
mordred_Xc-5d,118.0
mordred_ATSC6dv,117.6
mordred_GGI9,117.53333333333333
mordred_ATSC5s,117.46666666666667
mordred_ATSC2p,117.46666666666667
mordred_ATSC6se,117.2
mordred_GATS2Z,117.13333333333334
mordred_MATS4se,116.8
mordred_ATSC1i,116.26666666666667
mordred_AATSC7Z,116.13333333333334
mordred_MATS7Z,115.93333333333334
mordred_ATSC1p,115.86666666666666
mordred_ATSC7se,115.73333333333333
mordred_GATS1dv,115.0
mordred_MATS5s,114.6
mordred_GATS2p,114.53333333333333
mordred_ATSC7Z,113.8
mordred_MATS7p,113.73333333333333
mordred_AATSC4i,113.4
mordred_ATSC6p,113.4
mordred_MATS1d,113.13333333333334
rdkit_SMR_VSA10,113.06666666666666
mordred_ATSC8Z,112.86666666666666
mordred_VR1_A,112.8
mordred_GATS1pe,112.66666666666667
mordred_AATSC4s,112.4
mordred_GGI6,112.33333333333333
mordred_MATS6se,112.26666666666667
mordred_AATSC7v,112.0
mordred_AATSC7s,112.0
mordred_AATS8s,111.8
mordred_ATSC4Z,111.53333333333333
mordred_AATSC8dv,111.53333333333333
mordred_GGI3,111.46666666666667
mordred_ATSC4v,111.46666666666667
mordred_IC1,111.4
mordred_MATS7d,110.86666666666666
mordred_AATS4i,110.46666666666667
mordred_ATSC1v,110.4
mordred_AATSC6v,110.33333333333333
mordred_AATSC2dv,110.13333333333334
mordred_ATSC4se,110.06666666666666
mordred_AATSC1dv,109.93333333333334
mordred_MATS2c,109.93333333333334
mordred_ATSC2v,109.6
mordred_MATS6s,109.53333333333333
mordred_GGI7,109.46666666666667
mordred_AATSC6Z,108.86666666666666
mordred_ATSC0c,108.86666666666666
mordred_ATSC2se,108.8
mordred_AATSC3v,108.33333333333333
mordred_MATS3i,108.33333333333333
mordred_GATS2d,108.33333333333333
mordred_GATS4v,108.06666666666666
mordred_ATSC6v,107.8
mordred_GGI5,107.4
mordred_MATS8se,107.0
mordred_AATSC4v,106.8
mordred_AATSC5dv,106.8
mordred_Xc-3dv,106.6
mordred_MATS4Z,106.53333333333333
mordred_AATS7se,106.2
rdkit_SPS,106.2
mordred_GATS6v,106.06666666666666
mordred_BCUTi-1l,105.6
mordred_Xch-6d,105.53333333333333
mordred_AATS7i,105.46666666666667
mordred_AATS2i,105.2
mordred_AATS8d,105.0
mordred_BCUTs-1l,105.0
mordred_ATSC1d,104.73333333333333
mordred_MATS5Z,104.4
mordred_MATS6i,104.4
rdkit_VSA_EState6,104.4
mordred_MATS7s,104.06666666666666
mordred_AATSC4Z,103.8
mordred_AATS5s,103.66666666666667
mordred_GATS1d,103.6
mordred_GATS2v,102.93333333333334
mordred_AATSC8v,102.53333333333333
mordred_PEOE_VSA8,102.53333333333333
mordred_AATSC7dv,102.26666666666667
rdkit_BalabanJ,102.0
mordred_AATS8se,102.0
rdkit_Kappa3,101.86666666666666
mordred_MATS8p,101.8
mordred_MATS8Z,101.8
mordred_MATS4p,101.66666666666667
mordred_MATS6Z,101.33333333333333
mordred_AATS6se,101.26666666666667
mordred_VR3_A,101.2
mordred_GATS2se,100.93333333333334
mordred_BalabanJ,100.86666666666666
mordred_AATS5p,100.46666666666667
mordred_MDEC-22,100.4
mordred_GATS1i,100.33333333333333
rdkit_VSA_EState1,100.2
mordred_ATSC1Z,100.13333333333334
mordred_AATS6s,100.0
mordred_GATS2dv,99.8
mordred_AATSC5s,99.6
mordred_SpMAD_DzZ,99.53333333333333
mordred_MATS2p,99.2
mordred_AATSC6dv,98.93333333333334
mordred_AATSC8Z,98.8
mordred_AATSC1v,98.33333333333333
mordred_SpMAD_Dt,98.06666666666666
mordred_AATSC8s,97.46666666666667
rdkit_SMR_VSA3,97.06666666666666
mordred_AATS5d,96.8
mordred_BCUTdv-1h,96.46666666666667
mordred_AATSC2i,96.46666666666667
mordred_AATS8Z,96.26666666666667
mordred_ATS7s,95.33333333333333
mordred_AATS8dv,95.13333333333334
mordred_MATS2s,95.0
mordred_MATS8s,94.86666666666666
mordred_AATS7d,94.86666666666666
mordred_CIC1,94.8
mordred_VSA_EState2,94.6
mordred_ATS7dv,94.6
mordred_AATS6d,94.46666666666667
rdkit_EState_VSA9,94.33333333333333
mordred_TSRW10,94.26666666666667
mordred_AATS7s,94.2
mordred_ATSC1s,94.13333333333334
mordred_AMID_h,94.0
mordred_AATS4p,93.86666666666666
mordred_ATS6s,93.66666666666667
mordred_AATS8v,93.66666666666667
mordred_MATS6p,93.53333333333333
mordred_MATS1dv,93.53333333333333
mordred_ATS5s,93.4
rdkit_MinEStateIndex,93.26666666666667
mordred_ATS4Z,93.2
erg_92,93.13333333333334
mordred_AATSC0i,92.66666666666667
mordred_piPC8,92.53333333333333
mordred_MATS2i,92.26666666666667
rdkit_Phi,92.2
mordred_ATSC0p,92.06666666666666
mordred_Kier3,91.86666666666666
mordred_AATS5v,91.86666666666666
mordred_ZMIC1,91.0
mordred_Xpc-4d,90.93333333333334
mordred_AATSC1Z,90.93333333333334
mordred_AATS6p,90.73333333333333
mordred_GATS1p,90.53333333333333
mordred_ATS8s,90.26666666666667
mordred_MDEC-23,90.13333333333334
mordred_AATS8p,90.06666666666666
mordred_ATSC1dv,89.33333333333333
mordred_AATS6v,89.06666666666666
mordred_Xpc-4dv,89.06666666666666
mordred_ATSC0d,88.66666666666667
erg_154,88.26666666666667
mordred_AATS5se,88.0
rdkit_Kappa2,87.86666666666666
mordred_ETA_eta_B,87.66666666666667
mordred_SssCH2,87.6
mordred_AATS1s,87.6
mordred_Xch-5dv,87.46666666666667
erg_151,87.0
mordred_AETA_eta,87.0
mordred_ATSC0i,86.8
mordred_GATS1Z,86.73333333333333
mordred_AATS4s,86.66666666666667
mordred_AATSC1s,86.66666666666667
rdkit_Chi0v,86.6
mordred_AATS0d,86.26666666666667
mordred_AATS7p,86.26666666666667
rdkit_SMR_VSA7,85.66666666666667
mordred_ATS0Z,85.66666666666667
mordred_AATS0i,85.53333333333333
mordred_AATS3s,85.2
erg_93,85.13333333333334
mordred_PEOE_VSA9,84.8
mordred_BCUTi-1h,84.6
mordred_AATS7Z,84.53333333333333
mordred_mZagreb1,84.2
mordred_AATS6dv,84.06666666666666
mordred_SsssCH,84.0
erg_152,83.93333333333334
rdkit_HallKierAlpha,83.53333333333333
mordred_AATS7dv,83.4
mordred_BCUTdv-1l,83.26666666666667
mordred_AATS4d,83.2
mordred_MIC1,83.06666666666666
mordred_AETA_eta_R,82.73333333333333
erg_94,82.06666666666666
mordred_AATS3d,81.73333333333333
mordred_AATS7v,80.86666666666666
mordred_AATSC2v,80.66666666666667
mordred_PEOE_VSA7,80.33333333333333
mordred_AATS3p,80.26666666666667
mordred_ATS6dv,80.2
mordred_EState_VSA3,79.86666666666666
mordred_AETA_beta,79.8
rdkit_SMR_VSA1,79.8
rdkit_Chi2v,78.93333333333334
rdkit_Chi4n,78.73333333333333
mordred_TopoPSA(NO),78.46666666666667
mordred_ATS4s,78.4
mordred_AATS1p,78.33333333333333
rdkit_Chi4v,77.73333333333333
mordred_AATS5dv,76.6
mordred_ATS8dv,76.6
mordred_AATS3dv,76.13333333333334
mordred_ATS5dv,76.06666666666666
mordred_ATS3s,76.06666666666666
mordred_PEOE_VSA10,75.86666666666666
mordred_EState_VSA4,75.66666666666667
mordred_VSA_EState3,75.6
mordred_AATS5Z,75.53333333333333
rdkit_Chi1v,75.4
erg_156,75.2
rdkit_MolMR,74.86666666666666
mordred_AATS6Z,74.66666666666667
mordred_AATS3v,74.66666666666667
mordred_AATS1se,74.46666666666667
mordred_AATS4v,74.33333333333333
mordred_AATS0dv,74.2
mordred_ATSC0se,73.93333333333334
mordred_AATSC2s,73.6
mordred_AATS2se,73.53333333333333
mordred_ATSC0dv,73.53333333333333
mordred_AATS4se,73.33333333333333
mordred_bpol,73.2
mordred_ATSC2s,73.06666666666666
mordred_BCUTv-1h,72.66666666666667
mordred_IC0,72.66666666666667
mordred_AATS3se,72.53333333333333
mordred_AATS0s,71.86666666666666
mordred_WPath,71.8
mordred_AATS1dv,71.2
mordred_BCUTse-1h,71.13333333333334
erg_95,70.46666666666667
erg_91,70.4
mordred_SpAbs_Dt,70.26666666666667
rdkit_LabuteASA,70.2
rdkit_SlogP_VSA6,69.66666666666667
mordred_SlogP_VSA3,69.46666666666667
rdkit_SlogP_VSA4,69.26666666666667
mordred_ATS1dv,69.26666666666667
mordred_Xc-3d,69.26666666666667
rdkit_Chi1,69.2
mordred_SpAbs_DzZ,69.2
mordred_MIC2,69.06666666666666
mordred_VSA_EState8,68.86666666666666
rdkit_MolWt,68.66666666666667
mordred_VSA_EState4,68.4
rdkit_Kappa1,68.33333333333333
erg_97,68.26666666666667
mordred_AATS4Z,68.13333333333334
mordred_SlogP_VSA2,68.0
mordred_SMR_VSA6,67.46666666666667
mordred_EState_VSA7,67.2
mordred_BCUTv-1l,67.06666666666666
rdkit_Chi3n,66.93333333333334
mordred_AATS4dv,66.86666666666666
rdkit_Chi3v,66.73333333333333
mordred_AATS0p,66.53333333333333
erg_153,66.46666666666667
rdkit_BertzCT,66.4
mordred_VSA_EState5,66.26666666666667
mordred_Kier2,65.93333333333334
mordred_ATS1Z,65.93333333333334
rdkit_Chi2n,65.73333333333333
mordred_PEOE_VSA6,65.6
mordred_ATS1s,65.46666666666667
erg_155,65.4
mordred_EState_VSA8,65.26666666666667
rdkit_HeavyAtomMolWt,65.26666666666667
rdkit_PEOE_VSA3,64.6
mordred_AETA_eta_F,64.53333333333333
mordred_EState_VSA2,64.2
rdkit_MaxEStateIndex,64.13333333333334
mordred_EState_VSA5,64.0
mordred_AATSC0dv,63.733333333333334
mordred_VSA_EState7,63.266666666666666
mordred_GATS1v,63.2
mordred_SlogP_VSA5,63.13333333333333
mordred_AATS3Z,63.0
mordred_ATS0dv,62.46666666666667
mordred_AATS0Z,62.333333333333336
mordred_PEOE_VSA2,62.266666666666666
mordred_CIC0,62.266666666666666
mordred_PEOE_VSA1,61.86666666666667
mordred_EState_VSA6,61.333333333333336
erg_19,61.333333333333336
rdkit_Chi0n,60.93333333333333
mordred_ATS3dv,60.733333333333334
mordred_MIC0,60.733333333333334
mordred_ATS2s,60.333333333333336
mordred_SM1_Dzv,60.2
mordred_BCUTZ-1h,60.0
mordred_ABC,59.733333333333334
mordred_ATS0s,59.666666666666664
rdkit_SlogP_VSA10,59.2
erg_96,59.2
rdkit_Chi1n,59.0
mordred_SM1_DzZ,58.86666666666667
mordred_AATS0v,58.733333333333334
erg_157,58.13333333333333
mordred_AATS0se,57.93333333333333
mordred_ETA_dBeta,57.53333333333333
rdkit_SlogP_VSA1,57.06666666666667
mordred_AATS1Z,56.53333333333333
mordred_AATS2Z,56.53333333333333
rdkit_PEOE_VSA12,56.333333333333336
rdkit_FractionCSP3,56.266666666666666
fcfp4_1556,56.2
mordred_ETA_eta_F,54.46666666666667
erg_98,53.733333333333334
erg_18,53.53333333333333
mordred_fragCpx,53.46666666666667
mordred_Xch-5d,52.46666666666667
mordred_SMR_VSA5,52.333333333333336
rdkit_PEOE_VSA11,52.2
erg_17,51.733333333333334
mordred_AATS2s,51.733333333333334
rdkit_SMR_VSA4,51.733333333333334
mordred_DetourIndex,50.333333333333336
rdkit_VSA_EState9,49.93333333333333
rdkit_ExactMolWt,49.4
mordred_EState_VSA9,49.2
erg_20,49.06666666666667
erg_150,49.06666666666667
erg_16,48.0
mordred_SM1_Dzse,47.666666666666664
mordred_VSA_EState1,45.06666666666667
erg_100,44.8
rdkit_fr_para_hydroxylation,44.666666666666664
rdkit_Chi0,44.4
rdkit_SMR_VSA9,43.8
erg_78,43.46666666666667
rdkit_VSA_EState10,43.4
rdkit_SlogP_VSA8,43.2
rdkit_EState_VSA1,43.2
mordred_SMR_VSA3,42.8
erg_21,42.733333333333334
erg_158,42.06666666666667
mordred_SaaaC,41.0
mordred_SMR_VSA7,39.666666666666664
erg_77,38.46666666666667
fcfp4_598,38.4
erg_138,38.266666666666666
erg_159,37.8
erg_101,36.8
mordred_SMR_VSA1,36.666666666666664
mordred_BCUTs-1h,36.53333333333333
erg_99,35.53333333333333
erg_141,35.46666666666667
rdkit_NumRotatableBonds,35.13333333333333
rdkit_PEOE_VSA4,34.86666666666667
erg_23,34.4
erg_76,34.13333333333333
erg_136,34.06666666666667
erg_137,34.0
erg_139,33.266666666666666
mordred_HybRatio,33.06666666666667
mordred_SlogP_VSA4,32.333333333333336
mordred_nBase,32.333333333333336
mordred_ETA_beta_ns_d,32.2
mordred_NdsCH,31.533333333333335
morgan_1088,31.066666666666666
morgan_1028,31.0
mordred_BertzCT,30.866666666666667
erg_79,30.6
erg_143,30.133333333333333
erg_25,30.133333333333333
erg_80,29.933333333333334
erg_288,29.733333333333334
mordred_SlogP_VSA10,29.533333333333335
erg_90,29.533333333333335
erg_22,29.266666666666666
erg_140,28.866666666666667
mordred_PEOE_VSA12,28.2
erg_287,28.066666666666666
mordred_PEOE_VSA3,27.666666666666668
mordred_C1SP2,27.333333333333332
mordred_C2SP2,27.0
fcfp4_792,26.933333333333334
erg_306,26.866666666666667
erg_123,26.8
fcfp4_1389,26.533333333333335
mordred_PEOE_VSA11,26.266666666666666
mordred_SlogP_VSA1,26.133333333333333
rdkit_HeavyAtomCount,26.066666666666666
rdkit_PEOE_VSA13,26.0
mordred_Xc-6d,25.733333333333334
mordred_nAtom,25.466666666666665
erg_304,24.866666666666667
erg_290,24.8
morgan_r3_1039,24.733333333333334
mordred_SMR_VSA4,24.6
rdkit_NumValenceElectrons,24.533333333333335
morgan_80,24.4
fcfp4_1085,24.266666666666666
mordred_Xc-4d,24.2
erg_303,24.133333333333333
morgan_r3_1088,23.666666666666668
erg_24,23.466666666666665
rdkit_EState_VSA10,23.333333333333332
erg_160,23.133333333333333
erg_135,23.133333333333333
mordred_C1SP3,23.066666666666666
avalon_697,23.0
mordred_VSA_EState9,22.933333333333334
morgan_1480,22.8
erg_142,22.733333333333334
erg_81,22.533333333333335
avalon_399,22.266666666666666
fcfp4_671,22.133333333333333
mordred_SMR_VSA9,22.0
erg_305,21.8
morgan_r3_80,21.8
morgan_618,21.466666666666665
morgan_1750,21.4
morgan_1697,21.266666666666666
avalon_830,21.066666666666666
erg_307,21.0
fcfp4_0,20.8
erg_302,20.666666666666668
fcfp4_1155,20.266666666666666
erg_289,20.266666666666666
erg_102,20.133333333333333
erg_62,20.133333333333333
rdkit_NumAtomStereoCenters,20.066666666666666
mordred_SssssC,19.933333333333334
erg_15,19.933333333333334
avalon_261,19.8
mordred_C2SP3,19.733333333333334
avalon_849,19.733333333333334
erg_291,19.733333333333334
morgan_1039,19.533333333333335
mordred_n6HRing,19.4
avalon_672,19.2
mordred_SlogP_VSA8,19.066666666666666
mordred_nH,18.8
erg_75,18.733333333333334
morgan_694,18.733333333333334
mordred_NssCH2,18.6
fcfp4_2017,18.6
fcfp4_2,18.466666666666665
mordred_NaasC,18.266666666666666
mordred_nBondsD,18.066666666666666
rdkit_fr_piperzine,18.0
mordred_EState_VSA1,17.733333333333334
morgan_926,17.733333333333334
erg_162,17.733333333333334
avalon_199,17.4
fcfp4_804,17.4
fcfp4_886,17.4
fcfp4_857,17.333333333333332
avalon_383,17.2
avalon_503,17.2
fcfp4_428,17.066666666666666
fcfp4_806,17.066666666666666
morgan_r3_959,17.0
morgan_r3_1028,16.933333333333334
morgan_1810,16.933333333333334
mordred_nC,16.733333333333334
erg_82,16.533333333333335
mordred_PEOE_VSA4,16.533333333333335
avalon_246,16.466666666666665
avalon_675,16.4
fcfp4_4,16.2
fcfp4_822,16.2
rdkit_NumHAcceptors,16.066666666666666
avalon_848,16.0
mordred_nRot,15.866666666666667
morgan_r3_1810,15.733333333333333
morgan_r3_171,15.666666666666666
avalon_37,15.666666666666666
morgan_307,15.533333333333333
avalon_162,15.466666666666667
morgan_875,15.466666666666667
avalon_596,15.466666666666667
avalon_337,15.333333333333334
morgan_1873,15.333333333333334
mordred_GGI1,15.2
morgan_489,15.0
avalon_774,14.933333333333334
avalon_96,14.933333333333334
morgan_r3_397,14.866666666666667
morgan_r3_1480,14.866666666666667
erg_108,14.8
mordred_C3SP2,14.8
erg_292,14.733333333333333
morgan_959,14.466666666666667
rdkit_NumHeterocycles,14.466666666666667
erg_61,14.4
avalon_34,14.333333333333334
fcfp4_2039,14.333333333333334
erg_26,14.333333333333334
avalon_493,14.266666666666667
morgan_1077,14.133333333333333
morgan_1410,14.066666666666666
erg_301,13.933333333333334
avalon_418,13.866666666666667
fcfp4_1926,13.8
mordred_NsssCH,13.8
morgan_r3_1410,13.8
avalon_875,13.733333333333333
morgan_1380,13.733333333333333
erg_106,13.6
erg_83,13.533333333333333
erg_107,13.466666666666667
erg_110,13.4
morgan_r3_1,13.333333333333334
morgan_r3_2014,13.266666666666667
mordred_nN,13.2
avalon_653,13.2
erg_308,13.066666666666666
avalon_29,13.0
erg_65,13.0
avalon_298,13.0
avalon_756,12.933333333333334
rdkit_NOCount,12.933333333333334
morgan_1057,12.933333333333334
rdkit_fr_NH0,12.866666666666667
avalon_745,12.8
avalon_1006,12.666666666666666
erg_161,12.666666666666666
avalon_693,12.666666666666666
erg_211,12.533333333333333
mordred_n6ARing,12.466666666666667
avalon_687,12.4
avalon_404,12.4
morgan_1,12.4
morgan_807,12.333333333333334
avalon_426,12.2
avalon_235,12.2
rdkit_fr_aryl_methyl,12.2
erg_294,12.133333333333333
fcfp4_2040,12.066666666666666
mordred_PEOE_VSA13,11.933333333333334
avalon_222,11.933333333333334
mordred_n7HRing,11.933333333333334
morgan_652,11.866666666666667
morgan_r3_1123,11.733333333333333
erg_144,11.733333333333333
morgan_1199,11.666666666666666
erg_27,11.666666666666666
erg_63,11.6
mordred_SRW05,11.466666666666667
erg_286,11.4
mordred_n6AHRing,11.4
avalon_69,11.4
avalon_85,11.4
morgan_1917,11.333333333333334
avalon_437,11.333333333333334
avalon_485,11.266666666666667
fcfp4_442,11.266666666666667
fcfp4_217,11.133333333333333
morgan_r3_1405,11.066666666666666
morgan_1019,10.933333333333334
avalon_367,10.866666666666667
avalon_818,10.866666666666667
avalon_570,10.866666666666667
mordred_C3SP3,10.8
morgan_1696,10.733333333333333
avalon_628,10.666666666666666
mordred_nAromAtom,10.6
avalon_902,10.6
fcfp4_1403,10.6
fcfp4_775,10.6
erg_64,10.6
avalon_1022,10.6
mordred_n6Ring,10.533333333333333
morgan_r3_875,10.533333333333333
erg_293,10.333333333333334
rdkit_fr_Ar_N,10.333333333333334
fcfp4_1668,10.266666666666667
avalon_324,10.266666666666667
avalon_177,10.2
erg_28,10.2
avalon_874,10.2
avalon_617,10.2
avalon_296,10.2
avalon_810,10.133333333333333
morgan_r3_307,10.133333333333333
morgan_r3_1750,10.133333333333333
morgan_293,10.133333333333333
avalon_807,10.066666666666666
avalon_770,10.0
avalon_821,9.933333333333334
avalon_731,9.933333333333334
avalon_194,9.866666666666667
morgan_r3_1873,9.866666666666667
avalon_420,9.866666666666667
morgan_r3_926,9.866666666666667
avalon_352,9.866666666666667
morgan_r3_283,9.866666666666667
avalon_641,9.8
avalon_100,9.8
morgan_935,9.733333333333333
morgan_r3_1215,9.666666666666666
morgan_233,9.666666666666666
erg_109,9.666666666666666
morgan_718,9.6
morgan_149,9.6
erg_111,9.533333333333333
morgan_r3_1697,9.533333333333333
rdkit_NumUnspecifiedAtomStereoCenters,9.533333333333333
avalon_421,9.466666666666667
fcfp4_1217,9.466666666666667
morgan_r3_1855,9.466666666666667
morgan_392,9.333333333333334
avalon_9,9.266666666666667
mordred_NaaCH,9.266666666666667
avalon_901,9.266666666666667
avalon_921,9.266666666666667
morgan_r3_896,9.266666666666667
morgan_r3_586,9.266666666666667
fcfp4_1624,9.266666666666667
morgan_1087,9.266666666666667
morgan_r3_1647,9.2
morgan_r3_1026,9.2
avalon_557,9.133333333333333
morgan_r3_1966,9.133333333333333
avalon_934,9.066666666666666
avalon_456,9.066666666666666
mordred_nO,9.066666666666666
morgan_r3_674,9.066666666666666
fcfp4_1488,9.0
erg_112,9.0
rdkit_fr_aniline,9.0
morgan_378,9.0
erg_113,8.933333333333334
avalon_154,8.933333333333334
avalon_707,8.866666666666667
morgan_r3_1825,8.866666666666667
avalon_746,8.866666666666667
avalon_284,8.866666666666667
rdkit_SlogP_VSA11,8.8
rdkit_PEOE_VSA14,8.8
morgan_r3_1380,8.8
avalon_327,8.8
morgan_r3_1465,8.733333333333333
erg_145,8.733333333333333
mordred_n6aHRing,8.733333333333333
morgan_r3_694,8.733333333333333
morgan_r3_807,8.733333333333333
avalon_526,8.733333333333333
avalon_155,8.666666666666666
avalon_373,8.666666666666666
avalon_639,8.6
mordred_nHBAcc,8.6
rdkit_PEOE_VSA5,8.6
erg_66,8.533333333333333
avalon_339,8.533333333333333
fcfp4_1128,8.533333333333333
morgan_1349,8.533333333333333
avalon_427,8.466666666666667
morgan_695,8.466666666666667
avalon_713,8.466666666666667
fcfp4_691,8.4
morgan_r3_740,8.4
morgan_1670,8.4
rdkit_fr_ether,8.333333333333334
avalon_900,8.333333333333334
erg_103,8.333333333333334
avalon_767,8.266666666666667
erg_213,8.266666666666667
morgan_283,8.266666666666667
avalon_995,8.266666666666667
morgan_r3_489,8.2
avalon_980,8.2
morgan_1722,8.2
morgan_r3_112,8.2
avalon_121,8.2
avalon_345,8.2
mordred_n7Ring,8.133333333333333
morgan_1855,8.133333333333333
morgan_r3_1019,8.133333333333333
morgan_230,8.133333333333333
mordred_NsssN,8.133333333333333
avalon_527,8.066666666666666
avalon_459,8.066666666666666
avalon_908,8.066666666666666
avalon_174,8.0
erg_84,8.0
fcfp4_1395,8.0
avalon_72,8.0
fcfp4_6,8.0
avalon_684,7.933333333333334
morgan_1791,7.866666666666666
avalon_771,7.866666666666666
morgan_r3_1696,7.866666666666666
avalon_635,7.866666666666666
avalon_1016,7.866666666666666
fcfp4_779,7.866666666666666
avalon_763,7.866666666666666
avalon_113,7.8
avalon_878,7.8
avalon_581,7.8
avalon_504,7.8
avalon_111,7.733333333333333
morgan_r3_1670,7.733333333333333
erg_309,7.733333333333333
avalon_642,7.733333333333333
erg_3,7.733333333333333
avalon_845,7.666666666666667
morgan_r3_1361,7.666666666666667
avalon_761,7.6
avalon_658,7.6
morgan_r3_689,7.6
avalon_846,7.6
morgan_1325,7.6
morgan_r3_1199,7.6
avalon_513,7.533333333333333
morgan_191,7.533333333333333
morgan_1837,7.533333333333333
erg_195,7.533333333333333
fcfp4_13,7.533333333333333
morgan_r3_292,7.533333333333333
avalon_1008,7.466666666666667
erg_122,7.466666666666667
avalon_883,7.466666666666667
avalon_751,7.466666666666667
erg_115,7.4
avalon_638,7.4
avalon_636,7.4
avalon_719,7.333333333333333
avalon_932,7.333333333333333
avalon_885,7.333333333333333
rdkit_NumHeteroatoms,7.333333333333333
avalon_179,7.333333333333333
avalon_466,7.266666666666667
avalon_287,7.266666666666667
mordred_NaaN,7.2
avalon_55,7.2
avalon_762,7.2
mordred_nBondsKD,7.2
morgan_r3_1325,7.2
morgan_r3_233,7.2
fcfp4_1672,7.133333333333334
morgan_r3_1837,7.133333333333334
morgan_1452,7.133333333333334
avalon_442,7.133333333333334
rdkit_NumAmideBonds,7.133333333333334
morgan_r3_718,7.066666666666666
morgan_1647,7.066666666666666
morgan_r3_695,7.066666666666666
avalon_766,7.0
rdkit_NumSaturatedHeterocycles,7.0
fcfp4_1048,7.0
fcfp4_1223,7.0
fcfp4_1083,7.0
mordred_nHRing,7.0
avalon_278,6.933333333333334
morgan_1152,6.866666666666666
morgan_r3_720,6.866666666666666
morgan_r3_1087,6.866666666666666
fcfp4_1876,6.866666666666666
avalon_486,6.866666666666666
avalon_616,6.866666666666666
avalon_274,6.866666666666666
morgan_r3_1057,6.8
avalon_387,6.8
avalon_553,6.8
fcfp4_1358,6.8
avalon_862,6.8
morgan_314,6.733333333333333
avalon_1003,6.733333333333333
avalon_554,6.733333333333333
mordred_NdssC,6.733333333333333
avalon_927,6.733333333333333
rdkit_fr_bicyclic,6.733333333333333
avalon_594,6.733333333333333
mordred_nFAHRing,6.733333333333333
avalon_270,6.733333333333333
morgan_963,6.733333333333333
avalon_551,6.733333333333333
avalon_943,6.666666666666667
morgan_587,6.666666666666667
morgan_r3_249,6.666666666666667
morgan_879,6.6
avalon_912,6.6
avalon_132,6.6
morgan_r3_1791,6.6
avalon_894,6.533333333333333
avalon_128,6.533333333333333
morgan_r3_1917,6.533333333333333
avalon_303,6.466666666666667
erg_5,6.466666666666667
avalon_479,6.466666666666667
avalon_212,6.466666666666667
morgan_r3_512,6.4
erg_67,6.4
avalon_785,6.4
avalon_985,6.4
rdkit_fr_piperdine,6.4
avalon_68,6.4
morgan_1405,6.333333333333333
erg_277,6.333333333333333
erg_85,6.333333333333333
avalon_302,6.333333333333333
avalon_990,6.333333333333333
morgan_r3_1722,6.333333333333333
fcfp4_1959,6.266666666666667
avalon_647,6.266666666666667
avalon_702,6.266666666666667
avalon_688,6.266666666666667
avalon_569,6.266666666666667
mordred_nFARing,6.266666666666667
avalon_364,6.266666666666667
fcfp4_1355,6.266666666666667
morgan_r3_652,6.266666666666667
avalon_99,6.266666666666667
morgan_r3_1452,6.266666666666667
avalon_798,6.2
morgan_r3_1792,6.2
rdkit_NHOHCount,6.2
erg_35,6.2
fcfp4_1219,6.2
avalon_201,6.2
rdkit_NumAliphaticHeterocycles,6.2
morgan_r3_392,6.2
rdkit_NumAromaticHeterocycles,6.2
avalon_245,6.133333333333334
avalon_960,6.133333333333334
avalon_228,6.133333333333334
rdkit_SlogP_VSA12,6.133333333333334
morgan_r3_662,6.133333333333334
avalon_866,6.133333333333334
avalon_790,6.133333333333334
avalon_890,6.066666666666666
avalon_475,6.066666666666666
mordred_NsCH3,6.066666666666666
avalon_655,6.066666666666666
morgan_1243,6.066666666666666
avalon_566,6.066666666666666
avalon_586,6.066666666666666
avalon_488,6.066666666666666
morgan_r3_488,6.066666666666666
fcfp4_1886,6.066666666666666
avalon_618,6.066666666666666
morgan_r3_785,6.066666666666666
morgan_389,6.0
avalon_259,6.0
rdkit_NumAromaticCarbocycles,6.0
avalon_489,6.0
avalon_300,6.0
morgan_2014,6.0
avalon_915,6.0
erg_36,6.0
avalon_412,5.933333333333334
avalon_754,5.933333333333334
erg_4,5.933333333333334
avalon_224,5.933333333333334
avalon_967,5.933333333333334
avalon_704,5.933333333333334
morgan_r3_1138,5.933333333333334
avalon_531,5.866666666666666
morgan_r3_314,5.866666666666666
morgan_r3_1296,5.866666666666666
avalon_907,5.866666666666666
avalon_670,5.866666666666666
morgan_689,5.866666666666666
avalon_18,5.8
erg_8,5.8
avalon_917,5.8
avalon_968,5.8
avalon_322,5.8
avalon_727,5.8
avalon_359,5.8
avalon_148,5.733333333333333
fcfp4_285,5.733333333333333
avalon_76,5.666666666666667
avalon_1005,5.666666666666667
avalon_164,5.666666666666667
avalon_577,5.666666666666667
morgan_r3_935,5.666666666666667
avalon_118,5.666666666666667
fcfp4_1068,5.6
avalon_918,5.6
avalon_17,5.6
morgan_650,5.6
avalon_422,5.6
avalon_389,5.533333333333333
avalon_448,5.533333333333333
fcfp4_636,5.533333333333333
morgan_r3_665,5.533333333333333
avalon_840,5.533333333333333
avalon_780,5.533333333333333
avalon_49,5.533333333333333
morgan_656,5.533333333333333
morgan_1825,5.533333333333333
avalon_171,5.533333333333333
avalon_338,5.466666666666667
erg_212,5.466666666666667
avalon_522,5.466666666666667
fcfp4_1339,5.466666666666667
morgan_1385,5.466666666666667
avalon_625,5.466666666666667
avalon_104,5.466666666666667
mordred_n5ARing,5.466666666666667
avalon_315,5.466666666666667
avalon_415,5.466666666666667
avalon_186,5.466666666666667
erg_310,5.466666666666667
fcfp4_1133,5.4
avalon_512,5.4
avalon_615,5.4
avalon_124,5.4
avalon_671,5.333333333333333
avalon_205,5.333333333333333
erg_29,5.333333333333333
morgan_r3_1030,5.266666666666667
fcfp4_508,5.266666666666667
avalon_533,5.266666666666667
fcfp4_1173,5.266666666666667
avalon_974,5.266666666666667
morgan_r3_1077,5.266666666666667
avalon_496,5.266666666666667
avalon_729,5.266666666666667
rdkit_fr_NH1,5.266666666666667
mordred_n5Ring,5.2
morgan_r3_1349,5.2
avalon_876,5.2
avalon_378,5.133333333333334
avalon_515,5.133333333333334
morgan_1866,5.133333333333334
erg_146,5.133333333333334
mordred_NssO,5.133333333333334
avalon_1011,5.133333333333334
fcfp4_1598,5.133333333333334
avalon_88,5.133333333333334
morgan_r3_271,5.133333333333334
avalon_350,5.133333333333334
avalon_809,5.066666666666666
avalon_856,5.066666666666666
avalon_1013,5.066666666666666
avalon_1017,5.066666666666666
morgan_292,5.066666666666666
avalon_797,5.066666666666666
avalon_114,5.066666666666666
morgan_1097,5.066666666666666
avalon_281,5.066666666666666
avalon_349,5.066666666666666
fcfp4_1,5.066666666666666
morgan_r3_90,5.066666666666666
rdkit_NumHDonors,5.066666666666666
avalon_701,5.0
morgan_r3_378,5.0
avalon_260,5.0
avalon_592,5.0
morgan_r3_1322,5.0
fcfp4_664,4.933333333333334
avalon_290,4.933333333333334
erg_295,4.933333333333334
avalon_136,4.933333333333334
avalon_346,4.933333333333334
mordred_SlogP_VSA11,4.933333333333334
morgan_r3_650,4.933333333333334
avalon_532,4.933333333333334
morgan_1391,4.933333333333334
avalon_957,4.933333333333334
avalon_804,4.933333333333334
avalon_820,4.933333333333334
avalon_1018,4.933333333333334
avalon_157,4.933333333333334
avalon_660,4.933333333333334
avalon_117,4.933333333333334
avalon_736,4.866666666666666
morgan_r3_191,4.866666666666666
morgan_r3_942,4.866666666666666
avalon_478,4.866666666666666
fcfp4_1102,4.866666666666666
avalon_538,4.866666666666666
avalon_250,4.866666666666666
avalon_436,4.866666666666666
avalon_528,4.866666666666666
avalon_868,4.866666666666666
fcfp4_1849,4.866666666666666
avalon_640,4.8
avalon_328,4.8
fcfp4_1932,4.8
morgan_r3_1856,4.8
erg_125,4.8
erg_124,4.8
avalon_460,4.8
avalon_312,4.8
morgan_r3_388,4.8
avalon_929,4.8
avalon_58,4.8
avalon_988,4.8
avalon_969,4.8
avalon_325,4.8
avalon_606,4.733333333333333
fcfp4_1990,4.733333333333333
avalon_651,4.733333333333333
avalon_388,4.733333333333333
avalon_454,4.733333333333333
avalon_451,4.733333333333333
avalon_439,4.733333333333333
fcfp4_18,4.733333333333333
erg_311,4.733333333333333
avalon_95,4.733333333333333
avalon_208,4.733333333333333
avalon_593,4.733333333333333
avalon_740,4.666666666666667
avalon_150,4.666666666666667
mordred_nFHRing,4.666666666666667
avalon_753,4.666666666666667
fcfp4_2006,4.666666666666667
avalon_784,4.666666666666667
morgan_r3_655,4.666666666666667
morgan_r3_591,4.666666666666667
mordred_PEOE_VSA5,4.666666666666667
avalon_450,4.666666666666667
morgan_r3_1632,4.666666666666667
rdkit_NumAliphaticCarbocycles,4.666666666666667
morgan_r3_656,4.666666666666667
mordred_NssNH,4.666666666666667
morgan_r3_1164,4.666666666666667
avalon_965,4.666666666666667
erg_2,4.6
avalon_254,4.6
avalon_938,4.6
avalon_977,4.6
avalon_801,4.6
fcfp4_1717,4.6
avalon_571,4.6
avalon_720,4.6
morgan_r3_331,4.6
morgan_r3_1692,4.6
avalon_555,4.6
avalon_467,4.533333333333333
avalon_882,4.533333333333333
avalon_13,4.533333333333333
avalon_732,4.533333333333333
erg_127,4.533333333333333
morgan_r3_963,4.533333333333333
avalon_623,4.533333333333333
avalon_207,4.533333333333333
avalon_41,4.466666666666667
avalon_735,4.466666666666667
avalon_92,4.466666666666667
avalon_884,4.466666666666667
morgan_r3_839,4.466666666666667
avalon_63,4.466666666666667
avalon_530,4.466666666666667
avalon_799,4.466666666666667
morgan_r3_217,4.466666666666667
morgan_r3_1448,4.466666666666667
avalon_311,4.466666666666667
fcfp4_807,4.466666666666667
avalon_711,4.4
morgan_r3_1577,4.4
erg_300,4.4
avalon_747,4.4
avalon_59,4.4
avalon_219,4.4
avalon_584,4.4
avalon_757,4.4
avalon_62,4.4
avalon_495,4.4
morgan_r3_1152,4.4
avalon_724,4.333333333333333
avalon_715,4.333333333333333
avalon_847,4.333333333333333
fcfp4_1390,4.333333333333333
avalon_839,4.333333333333333
avalon_550,4.333333333333333
morgan_900,4.333333333333333
avalon_945,4.333333333333333
avalon_461,4.333333333333333
morgan_1897,4.333333333333333
morgan_r3_464,4.333333333333333
morgan_361,4.333333333333333
morgan_r3_593,4.333333333333333
fcfp4_1915,4.333333333333333
erg_7,4.266666666666667
avalon_923,4.266666666666667
erg_196,4.266666666666667
erg_278,4.266666666666667
fcfp4_1850,4.266666666666667
avalon_280,4.266666666666667
morgan_r3_1535,4.266666666666667
morgan_1597,4.266666666666667
avalon_664,4.266666666666667
morgan_r3_230,4.2
avalon_924,4.2
avalon_413,4.2
avalon_718,4.2
avalon_657,4.2
morgan_r3_1309,4.2
avalon_264,4.2
morgan_1637,4.2
mordred_n6aRing,4.2
avalon_598,4.2
avalon_549,4.2
avalon_546,4.2
avalon_559,4.2
morgan_r3_1385,4.2
avalon_725,4.2
morgan_r3_961,4.2
avalon_362,4.2
mordred_n5AHRing,4.2
rdkit_fr_C_O_noCOO,4.133333333333334
rdkit_fr_benzene,4.133333333333334
erg_163,4.133333333333334
morgan_r3_1866,4.133333333333334
avalon_972,4.133333333333334
avalon_564,4.133333333333334
morgan_r3_294,4.133333333333334
avalon_600,4.133333333333334
erg_218,4.133333333333334
avalon_305,4.133333333333334
morgan_r3_1384,4.133333333333334
morgan_1586,4.133333333333334
avalon_276,4.133333333333334
avalon_519,4.133333333333334
avalon_410,4.133333333333334
avalon_629,4.133333333333334
avalon_153,4.133333333333334
avalon_105,4.066666666666666
morgan_942,4.066666666666666
avalon_914,4.066666666666666
erg_6,4.066666666666666
avalon_1002,4.066666666666666
avalon_963,4.066666666666666
fcfp4_1145,4.066666666666666
avalon_792,4.066666666666666
avalon_86,4.066666666666666
avalon_836,4.066666666666666
avalon_51,4.066666666666666
avalon_64,4.066666666666666
rdkit_fr_imidazole,4.066666666666666
avalon_307,4.066666666666666
avalon_694,4.066666666666666
avalon_188,4.066666666666666
morgan_1162,4.066666666666666
fcfp4_2044,4.066666666666666
morgan_1998,4.066666666666666
avalon_996,4.066666666666666
morgan_r3_737,4.066666666666666
morgan_r3_861,4.066666666666666
avalon_507,4.0
morgan_r3_1627,4.0
morgan_1535,4.0
fcfp4_604,4.0
avalon_73,4.0
morgan_r3_680,4.0
avalon_30,4.0
avalon_499,4.0
erg_104,4.0
morgan_r3_503,3.933333333333333
morgan_r3_312,3.933333333333333
morgan_r3_841,3.933333333333333
avalon_935,3.933333333333333
avalon_961,3.933333333333333
avalon_468,3.933333333333333
morgan_r3_1938,3.933333333333333
avalon_983,3.933333333333333
mordred_naHRing,3.933333333333333
avalon_649,3.933333333333333
avalon_776,3.933333333333333
morgan_117,3.933333333333333
rdkit_NumSaturatedRings,3.933333333333333
morgan_r3_1052,3.933333333333333
morgan_1708,3.933333333333333
avalon_70,3.933333333333333
avalon_16,3.933333333333333
rdkit_fr_amide,3.933333333333333
morgan_488,3.8666666666666667
avalon_540,3.8666666666666667
avalon_265,3.8666666666666667
avalon_800,3.8666666666666667
erg_217,3.8666666666666667
morgan_r3_1145,3.8666666666666667
fcfp4_546,3.8666666666666667
avalon_292,3.8666666666666667
avalon_525,3.8666666666666667
avalon_779,3.8666666666666667
fcfp4_991,3.8666666666666667
avalon_567,3.8666666666666667
fcfp4_642,3.8666666666666667
morgan_1154,3.8
avalon_214,3.8
avalon_611,3.8
morgan_588,3.8
avalon_518,3.8
morgan_r3_69,3.8
avalon_782,3.8
avalon_231,3.8
avalon_576,3.8
fcfp4_1737,3.8
avalon_218,3.8
avalon_871,3.8
erg_45,3.8
avalon_71,3.8
avalon_60,3.8
erg_114,3.8
rdkit_fr_C_O,3.8
morgan_857,3.8
morgan_r3_587,3.8
morgan_843,3.8
avalon_375,3.8
avalon_301,3.8
avalon_973,3.8
avalon_135,3.8
avalon_145,3.8
avalon_472,3.8
morgan_2009,3.7333333333333334
avalon_603,3.7333333333333334
fcfp4_550,3.7333333333333334
morgan_r3_1509,3.7333333333333334
avalon_621,3.7333333333333334
mordred_n5aRing,3.7333333333333334
morgan_896,3.7333333333333334
morgan_r3_921,3.7333333333333334
morgan_r3_762,3.7333333333333334
avalon_4,3.7333333333333334
avalon_27,3.7333333333333334
erg_214,3.7333333333333334
morgan_r3_1060,3.7333333333333334
rdkit_fr_Ndealkylation2,3.7333333333333334
erg_215,3.7333333333333334
avalon_286,3.7333333333333334
avalon_787,3.7333333333333334
morgan_r3_1720,3.7333333333333334
avalon_458,3.7333333333333334
avalon_502,3.7333333333333334
avalon_950,3.6666666666666665
avalon_1014,3.6666666666666665
avalon_2,3.6666666666666665
avalon_354,3.6666666666666665
avalon_777,3.6666666666666665
avalon_291,3.6666666666666665
avalon_541,3.6666666666666665
avalon_737,3.6666666666666665
morgan_r3_79,3.6666666666666665
rdkit_fr_pyridine,3.6666666666666665
avalon_788,3.6666666666666665
rdkit_NumSaturatedCarbocycles,3.6666666666666665
fcfp4_1359,3.6666666666666665
avalon_380,3.6666666666666665
avalon_560,3.6666666666666665
morgan_r3_1693,3.6666666666666665
avalon_583,3.6666666666666665
morgan_703,3.6666666666666665
avalon_648,3.6666666666666665
morgan_1145,3.6666666666666665
morgan_1051,3.6666666666666665
fcfp4_1673,3.6666666666666665
avalon_994,3.6
avalon_769,3.6
avalon_348,3.6
erg_312,3.6
avalon_970,3.6
avalon_574,3.6
morgan_r3_251,3.6
morgan_r3_1754,3.6
morgan_1856,3.6
avalon_1007,3.6
morgan_r3_1004,3.6
avalon_877,3.6
avalon_80,3.6
avalon_283,3.6
morgan_310,3.6
erg_216,3.6
morgan_1226,3.533333333333333
avalon_952,3.533333333333333
avalon_109,3.533333333333333
avalon_473,3.533333333333333
morgan_r3_92,3.533333333333333
mordred_NaasN,3.533333333333333
avalon_895,3.533333333333333
erg_210,3.533333333333333
avalon_444,3.533333333333333
avalon_662,3.533333333333333
morgan_r3_1937,3.533333333333333
morgan_1138,3.533333333333333
avalon_195,3.533333333333333
fcfp4_11,3.533333333333333
avalon_786,3.533333333333333
avalon_106,3.533333333333333
morgan_r3_1157,3.466666666666667
avalon_67,3.466666666666667
avalon_827,3.466666666666667
morgan_1734,3.466666666666667
avalon_964,3.466666666666667
avalon_391,3.466666666666667
morgan_r3_1160,3.466666666666667
avalon_452,3.466666666666667
morgan_1603,3.466666666666667
avalon_791,3.466666666666667
avalon_89,3.466666666666667
fcfp4_1386,3.466666666666667
avalon_805,3.466666666666667
avalon_806,3.466666666666667
avalon_441,3.466666666666667
morgan_r3_1269,3.466666666666667
morgan_r3_407,3.466666666666667
avalon_137,3.466666666666667
avalon_470,3.466666666666667
morgan_1589,3.466666666666667
avalon_226,3.466666666666667
mordred_n9FRing,3.466666666666667
morgan_r3_195,3.466666666666667
morgan_r3_1645,3.466666666666667
morgan_1182,3.4
avalon_981,3.4
morgan_344,3.4
morgan_r3_269,3.4
fcfp4_977,3.4
morgan_1114,3.4
avalon_674,3.4
morgan_r3_9,3.4
morgan_739,3.4
morgan_r3_882,3.4
morgan_r3_843,3.4
avalon_508,3.4
morgan_r3_1228,3.4
morgan_r3_1887,3.4
avalon_79,3.4
morgan_r3_1572,3.4
erg_116,3.4
morgan_r3_1564,3.4
morgan_r3_1300,3.4
fcfp4_572,3.3333333333333335
avalon_705,3.3333333333333335
fcfp4_534,3.3333333333333335
morgan_r3_847,3.3333333333333335
morgan_r3_739,3.3333333333333335
avalon_700,3.3333333333333335
avalon_309,3.3333333333333335
fcfp4_1373,3.3333333333333335
morgan_r3_1604,3.3333333333333335
morgan_1290,3.3333333333333335
morgan_r3_931,3.3333333333333335
avalon_514,3.3333333333333335
avalon_122,3.3333333333333335
morgan_r3_1007,3.3333333333333335
avalon_94,3.3333333333333335
avalon_706,3.3333333333333335
morgan_r3_2009,3.3333333333333335
avalon_258,3.3333333333333335
fcfp4_152,3.3333333333333335
morgan_r3_1568,3.3333333333333335
morgan_1792,3.3333333333333335
avalon_36,3.3333333333333335
fcfp4_1034,3.3333333333333335
morgan_294,3.3333333333333335
avalon_634,3.3333333333333335
avalon_612,3.3333333333333335
avalon_21,3.2666666666666666
avalon_544,3.2666666666666666
avalon_32,3.2666666666666666
fcfp4_1256,3.2666666666666666
morgan_510,3.2666666666666666
rdkit_NumBridgeheadAtoms,3.2666666666666666
avalon_542,3.2666666666666666
erg_9,3.2666666666666666
morgan_r3_1734,3.2666666666666666
avalon_663,3.2666666666666666
avalon_431,3.2666666666666666
avalon_336,3.2666666666666666
avalon_50,3.2666666666666666
avalon_384,3.2666666666666666
mordred_nHetero,3.2666666666666666
morgan_r3_1589,3.2666666666666666
avalon_463,3.2666666666666666
avalon_275,3.2666666666666666
morgan_r3_486,3.2666666666666666
avalon_589,3.2
avalon_989,3.2
avalon_691,3.2
morgan_961,3.2
avalon_510,3.2
fcfp4_590,3.2
morgan_r3_1097,3.2
avalon_3,3.2
fcfp4_1555,3.2
avalon_823,3.2
mordred_NaaaC,3.2
avalon_714,3.2
fcfp4_1522,3.2
avalon_202,3.2
avalon_25,3.2
fcfp4_1146,3.1333333333333333
avalon_1012,3.1333333333333333
avalon_288,3.1333333333333333
avalon_815,3.1333333333333333
erg_33,3.1333333333333333
morgan_r3_1162,3.1333333333333333
avalon_131,3.1333333333333333
morgan_r3_117,3.1333333333333333
avalon_156,3.1333333333333333
morgan_r3_389,3.1333333333333333
morgan_784,3.1333333333333333
morgan_1209,3.1333333333333333
avalon_26,3.1333333333333333
morgan_1915,3.1333333333333333
morgan_r3_1765,3.066666666666667
avalon_543,3.066666666666667
avalon_582,3.066666666666667
avalon_588,3.066666666666667
avalon_462,3.066666666666667
rdkit_fr_Ndealkylation1,3.066666666666667
morgan_r3_1603,3.066666666666667
erg_105,3.066666666666667
avalon_838,3.066666666666667
erg_86,3.066666666666667
fcfp4_532,3.066666666666667
avalon_374,3.066666666666667
mordred_n10FAHRing,3.066666666666667
fcfp4_698,3.066666666666667
avalon_695,3.066666666666667
avalon_656,3.066666666666667
mordred_NdCH2,3.066666666666667
avalon_665,3.066666666666667
morgan_586,3.0
morgan_1083,3.0
morgan_r3_585,3.0
avalon_318,3.0
fcfp4_502,3.0
morgan_716,3.0
avalon_829,3.0
avalon_966,3.0
avalon_237,3.0
avalon_833,3.0
morgan_r3_1032,3.0
avalon_813,3.0
morgan_r3_1387,3.0
avalon_587,2.933333333333333
erg_68,2.933333333333333
avalon_904,2.933333333333333
morgan_r3_1080,2.933333333333333
fcfp4_1032,2.933333333333333
avalon_652,2.933333333333333
erg_274,2.933333333333333
avalon_115,2.933333333333333
fcfp4_1479,2.933333333333333
avalon_480,2.933333333333333
morgan_r3_448,2.933333333333333
fcfp4_1863,2.933333333333333
avalon_471,2.933333333333333
morgan_1164,2.933333333333333
fcfp4_242,2.933333333333333
fcfp4_365,2.933333333333333
fcfp4_359,2.933333333333333
fcfp4_719,2.933333333333333
avalon_738,2.933333333333333
avalon_959,2.933333333333333
morgan_r3_786,2.933333333333333
morgan_r3_840,2.8666666666666667
fcfp4_629,2.8666666666666667
avalon_563,2.8666666666666667
avalon_703,2.8666666666666667
erg_60,2.8666666666666667
avalon_120,2.8666666666666667
fcfp4_1674,2.8666666666666667
avalon_750,2.8666666666666667
avalon_112,2.8666666666666667
rdkit_NumAliphaticRings,2.8666666666666667
avalon_987,2.8666666666666667
morgan_r3_901,2.8666666666666667
morgan_r3_951,2.8666666666666667
avalon_310,2.8666666666666667
morgan_r3_1203,2.8666666666666667
morgan_r3_1586,2.8666666666666667
avalon_739,2.8666666666666667
morgan_1235,2.8666666666666667
mordred_n10FRing,2.8666666666666667
avalon_778,2.8666666666666667
avalon_239,2.8666666666666667
avalon_381,2.8666666666666667
avalon_909,2.8666666666666667
avalon_888,2.8666666666666667
morgan_r3_1642,2.8666666666666667
avalon_889,2.8
avalon_710,2.8
mordred_NdO,2.8
avalon_409,2.8
morgan_r3_1504,2.8
avalon_789,2.8
avalon_446,2.8
morgan_r3_1391,2.8
morgan_1645,2.8
fcfp4_835,2.8
morgan_955,2.8
avalon_537,2.8
avalon_708,2.8
avalon_534,2.8
morgan_1754,2.8
avalon_843,2.8
morgan_r3_1783,2.8
avalon_591,2.8
avalon_229,2.8
erg_32,2.8
morgan_r3_784,2.8
avalon_951,2.8
avalon_401,2.8
morgan_r3_1366,2.7333333333333334
avalon_954,2.7333333333333334
avalon_368,2.7333333333333334
avalon_185,2.7333333333333334
rdkit_fr_methoxy,2.7333333333333334
avalon_147,2.7333333333333334
morgan_r3_798,2.7333333333333334
fcfp4_1099,2.7333333333333334
avalon_1023,2.7333333333333334
avalon_926,2.7333333333333334
fcfp4_713,2.7333333333333334
avalon_11,2.7333333333333334
avalon_903,2.7333333333333334
avalon_993,2.7333333333333334
morgan_r3_1947,2.7333333333333334
avalon_447,2.7333333333333334
avalon_819,2.7333333333333334
avalon_221,2.7333333333333334
fcfp4_1770,2.7333333333333334
avalon_637,2.7333333333333334
rdkit_fr_imide,2.7333333333333334
morgan_1773,2.7333333333333334
avalon_898,2.7333333333333334
avalon_65,2.7333333333333334
avalon_556,2.6666666666666665
avalon_249,2.6666666666666665
avalon_558,2.6666666666666665
rdkit_SlogP_VSA7,2.6666666666666665
avalon_492,2.6666666666666665
avalon_46,2.6666666666666665
avalon_251,2.6666666666666665
avalon_925,2.6666666666666665
avalon_38,2.6666666666666665
fcfp4_8,2.6666666666666665
morgan_1799,2.6666666666666665
morgan_r3_1798,2.6666666666666665
avalon_425,2.6666666666666665
morgan_r3_445,2.6666666666666665
morgan_r3_361,2.6666666666666665
avalon_433,2.6666666666666665
avalon_91,2.6666666666666665
avalon_285,2.6666666666666665
morgan_r3_197,2.6666666666666665
avalon_1001,2.6666666666666665
avalon_33,2.6666666666666665
avalon_5,2.6
morgan_r3_1243,2.6
avalon_760,2.6
avalon_998,2.6
morgan_r3_1919,2.6
morgan_r3_1958,2.6
morgan_r3_1344,2.6
avalon_937,2.6
avalon_176,2.6
morgan_r3_302,2.6
morgan_585,2.6
fcfp4_1917,2.6
morgan_1504,2.6
avalon_870,2.6
morgan_561,2.6
morgan_490,2.6
avalon_474,2.6
morgan_r3_441,2.533333333333333
avalon_210,2.533333333333333
morgan_r3_104,2.533333333333333
rdkit_RingCount,2.533333333333333
morgan_1824,2.533333333333333
morgan_r3_1092,2.533333333333333
avalon_742,2.533333333333333
avalon_366,2.533333333333333
avalon_393,2.533333333333333
avalon_87,2.533333333333333
avalon_811,2.533333333333333
avalon_134,2.533333333333333
fcfp4_2022,2.533333333333333
fcfp4_1723,2.533333333333333
morgan_r3_618,2.533333333333333
avalon_726,2.533333333333333
avalon_227,2.533333333333333
morgan_r3_1684,2.533333333333333
morgan_79,2.533333333333333
morgan_r3_932,2.533333333333333
morgan_r3_231,2.466666666666667
morgan_974,2.466666666666667
morgan_r3_1074,2.466666666666667
morgan_r3_1778,2.466666666666667
avalon_253,2.466666666666667
fcfp4_188,2.466666666666667
avalon_865,2.466666666666667
avalon_39,2.466666666666667
avalon_319,2.466666666666667
avalon_986,2.466666666666667
avalon_369,2.466666666666667
avalon_356,2.466666666666667
morgan_1609,2.466666666666667
avalon_630,2.466666666666667
avalon_627,2.466666666666667
avalon_624,2.466666666666667
avalon_191,2.466666666666667
avalon_744,2.466666666666667
avalon_133,2.466666666666667
erg_220,2.466666666666667
avalon_911,2.466666666666667
avalon_402,2.466666666666667
morgan_r3_303,2.466666666666667
avalon_677,2.466666666666667
erg_10,2.466666666666667
avalon_997,2.4
morgan_r3_341,2.4
avalon_434,2.4
avalon_509,2.4
morgan_1564,2.4
avalon_180,2.4
morgan_r3_603,2.4
morgan_r3_1998,2.4
avalon_127,2.4
morgan_r3_1626,2.4
avalon_126,2.4
avalon_565,2.4
avalon_678,2.4
morgan_92,2.4
avalon_335,2.4
avalon_520,2.4
morgan_736,2.4
morgan_r3_599,2.4
fcfp4_2036,2.4
fcfp4_275,2.4
fcfp4_791,2.4
avalon_614,2.4
morgan_r3_1374,2.4
morgan_r3_1800,2.4
morgan_996,2.4
avalon_31,2.3333333333333335
avalon_905,2.3333333333333335
avalon_360,2.3333333333333335
morgan_r3_722,2.3333333333333335
avalon_159,2.3333333333333335
avalon_45,2.3333333333333335
rdkit_NumAromaticRings,2.3333333333333335
morgan_r3_431,2.3333333333333335
avalon_82,2.3333333333333335
avalon_859,2.3333333333333335
avalon_516,2.3333333333333335
avalon_955,2.3333333333333335
avalon_198,2.3333333333333335
morgan_r3_1959,2.3333333333333335
morgan_1089,2.3333333333333335
avalon_673,2.3333333333333335
morgan_1066,2.2666666666666666
fcfp4_1100,2.2666666666666666
morgan_90,2.2666666666666666
morgan_r3_1470,2.2666666666666666
morgan_r3_1015,2.2666666666666666
fcfp4_1728,2.2666666666666666
avalon_83,2.2666666666666666
morgan_r3_366,2.2666666666666666
avalon_225,2.2666666666666666
morgan_r3_1718,2.2666666666666666
avalon_203,2.2666666666666666
avalon_837,2.2666666666666666
morgan_1783,2.2666666666666666
morgan_r3_506,2.2666666666666666
avalon_189,2.2666666666666666
mordred_nHBDon,2.2666666666666666
erg_126,2.2
avalon_844,2.2
morgan_r3_890,2.2
morgan_r3_1261,2.2
morgan_883,2.2
morgan_r3_1236,2.2
morgan_r3_514,2.2
avalon_316,2.2
morgan_r3_992,2.2
morgan_1150,2.2
morgan_327,2.2
avalon_0,2.2
morgan_r3_1415,2.2
morgan_441,2.2
avalon_7,2.2
fcfp4_976,2.2
rdkit_fr_halogen,2.2
morgan_r3_561,2.2
avalon_424,2.2
morgan_r3_1114,2.2
avalon_282,2.2
morgan_r3_1853,2.2
morgan_r3_1731,2.2
avalon_580,2.2
avalon_661,2.2
morgan_r3_147,2.2
morgan_r3_1899,2.1333333333333333
morgan_841,2.1333333333333333
avalon_6,2.1333333333333333
morgan_r3_673,2.1333333333333333
erg_1,2.1333333333333333
morgan_r3_1021,2.1333333333333333
avalon_716,2.1333333333333333
fcfp4_1290,2.1333333333333333
morgan_r3_527,2.1333333333333333
fcfp4_1057,2.1333333333333333
fcfp4_1004,2.1333333333333333
avalon_741,2.1333333333333333
avalon_116,2.1333333333333333
erg_273,2.1333333333333333
fcfp4_1379,2.1333333333333333
morgan_r3_1602,2.1333333333333333
avalon_323,2.1333333333333333
avalon_814,2.1333333333333333
morgan_74,2.1333333333333333
avalon_299,2.1333333333333333
fcfp4_1453,2.1333333333333333
morgan_881,2.066666666666667
avalon_817,2.066666666666667
avalon_449,2.066666666666667
morgan_r3_666,2.066666666666667
morgan_r3_881,2.066666666666667
morgan_r3_634,2.066666666666667
morgan_r3_1334,2.066666666666667
avalon_484,2.066666666666667
avalon_482,2.066666666666667
morgan_r3_809,2.066666666666667
avalon_267,2.066666666666667
morgan_1009,2.066666666666667
morgan_r3_1799,2.066666666666667
morgan_r3_1878,2.066666666666667
morgan_r3_1862,2.066666666666667
mordred_nBridgehead,2.066666666666667
morgan_r3_323,2.066666666666667
morgan_r3_263,2.066666666666667
morgan_r3_1017,2.066666666666667
morgan_680,2.066666666666667
fcfp4_1584,2.066666666666667
fcfp4_666,2.066666666666667
avalon_168,2.066666666666667
fcfp4_468,2.066666666666667
avalon_521,2.066666666666667
morgan_407,2.066666666666667
mordred_n10FHRing,2.066666666666667
morgan_r3_794,2.0
avalon_35,2.0
morgan_1060,2.0
avalon_317,2.0
morgan_r3_1815,2.0
mordred_nAHRing,2.0
avalon_200,2.0
morgan_1021,2.0
morgan_1203,2.0
avalon_469,2.0
avalon_511,2.0
fcfp4_499,2.0
avalon_881,2.0
avalon_241,2.0
morgan_486,2.0
morgan_1946,2.0
morgan_r3_322,2.0
avalon_644,2.0
morgan_r3_1182,2.0
avalon_341,2.0
morgan_r3_733,2.0
morgan_1366,2.0
morgan_r3_1454,2.0
avalon_220,2.0
morgan_932,2.0
morgan_r3_326,2.0
avalon_547,1.9333333333333333
avalon_984,1.9333333333333333
morgan_r3_1796,1.9333333333333333
morgan_r3_30,1.9333333333333333
avalon_764,1.9333333333333333
avalon_869,1.9333333333333333
avalon_864,1.9333333333333333
morgan_802,1.9333333333333333
mordred_nARing,1.9333333333333333
morgan_r3_1728,1.9333333333333333
avalon_24,1.9333333333333333
avalon_386,1.9333333333333333
morgan_r3_1439,1.9333333333333333
avalon_320,1.9333333333333333
fcfp4_968,1.9333333333333333
morgan_r3_1142,1.9333333333333333
erg_275,1.9333333333333333
morgan_r3_883,1.9333333333333333
morgan_r3_1915,1.9333333333333333
morgan_197,1.9333333333333333
morgan_1570,1.9333333333333333
avalon_491,1.9333333333333333
morgan_r3_1608,1.9333333333333333
fcfp4_1213,1.9333333333333333
mordred_C4SP3,1.9333333333333333
fcfp4_1405,1.8666666666666667
avalon_158,1.8666666666666667
erg_46,1.8666666666666667
morgan_598,1.8666666666666667
morgan_r3_1816,1.8666666666666667
morgan_r3_1708,1.8666666666666667
morgan_r3_1880,1.8666666666666667
avalon_1000,1.8666666666666667
morgan_r3_1738,1.8666666666666667
avalon_590,1.8666666666666667
avalon_944,1.8666666666666667
avalon_330,1.8666666666666667
morgan_r3_713,1.8666666666666667
avalon_42,1.8666666666666667
fcfp4_1008,1.8666666666666667
avalon_755,1.8666666666666667
morgan_r3_790,1.8666666666666667
morgan_r3_1464,1.8666666666666667
morgan_r3_950,1.8666666666666667
avalon_97,1.8666666666666667
morgan_r3_114,1.8666666666666667
mordred_NsOH,1.8666666666666667
avalon_699,1.8666666666666667
morgan_r3_588,1.8666666666666667
avalon_768,1.8
avalon_331,1.8
avalon_84,1.8
fcfp4_1051,1.8
morgan_r3_1049,1.8
avalon_108,1.8
avalon_690,1.8
avalon_81,1.8
morgan_r3_1357,1.8
morgan_r3_1059,1.8
morgan_262,1.8
morgan_r3_1824,1.8
morgan_r3_1241,1.8
mordred_NssssC,1.8
morgan_r3_862,1.8
avalon_432,1.8
avalon_268,1.8
morgan_1607,1.8
fcfp4_566,1.8
fcfp4_1594,1.8
avalon_1015,1.8
avalon_232,1.8
morgan_1274,1.8
morgan_r3_115,1.8
avalon_182,1.8
fcfp4_82,1.8
morgan_1816,1.8
morgan_1508,1.8
morgan_r3_1993,1.8
fcfp4_928,1.7333333333333334
avalon_355,1.7333333333333334
morgan_r3_1897,1.7333333333333334
avalon_371,1.7333333333333334
avalon_376,1.7333333333333334
mordred_nFRing,1.7333333333333334
avalon_204,1.7333333333333334
morgan_r3_708,1.7333333333333334
avalon_976,1.7333333333333334
avalon_28,1.7333333333333334
avalon_949,1.7333333333333334
avalon_633,1.7333333333333334
avalon_597,1.7333333333333334
avalon_57,1.7333333333333334
morgan_r3_1221,1.7333333333333334
morgan_r3_1280,1.7333333333333334
morgan_r3_310,1.7333333333333334
avalon_178,1.7333333333333334
avalon_872,1.7333333333333334
avalon_1004,1.7333333333333334
morgan_1101,1.7333333333333334
avalon_190,1.7333333333333334
morgan_r3_2000,1.7333333333333334
avalon_123,1.7333333333333334
avalon_392,1.7333333333333334
avalon_891,1.7333333333333334
morgan_r3_1597,1.7333333333333334
avalon_344,1.7333333333333334
avalon_248,1.7333333333333334
morgan_1738,1.7333333333333334
avalon_297,1.7333333333333334
avalon_834,1.7333333333333334
avalon_149,1.7333333333333334
avalon_832,1.7333333333333334
avalon_855,1.7333333333333334
fcfp4_2045,1.6666666666666667
avalon_613,1.6666666666666667
morgan_r3_1910,1.6666666666666667
morgan_r3_828,1.6666666666666667
morgan_890,1.6666666666666667
avalon_680,1.6666666666666667
morgan_556,1.6666666666666667
morgan_r3_1574,1.6666666666666667
morgan_759,1.6666666666666667
avalon_896,1.6666666666666667
fcfp4_539,1.6666666666666667
morgan_r3_1009,1.6666666666666667
fcfp4_649,1.6666666666666667
fcfp4_548,1.6666666666666667
morgan_798,1.6666666666666667
morgan_r3_420,1.6666666666666667
morgan_r3_443,1.6666666666666667
fcfp4_716,1.6666666666666667
morgan_1552,1.6666666666666667
morgan_r3_1369,1.6666666666666667
morgan_713,1.6666666666666667
morgan_r3_1063,1.6666666666666667
erg_272,1.6666666666666667
morgan_r3_490,1.6666666666666667
avalon_445,1.6666666666666667
morgan_r3_897,1.6666666666666667
morgan_r3_248,1.6
morgan_r3_704,1.6
morgan_248,1.6
morgan_242,1.6
avalon_850,1.6
avalon_796,1.6
morgan_473,1.6
erg_271,1.6
fcfp4_1394,1.6
morgan_820,1.6
morgan_823,1.6
morgan_r3_494,1.6
morgan_r3_1090,1.6
fcfp4_1017,1.6
avalon_808,1.6
morgan_r3_1321,1.6
avalon_477,1.6
avalon_40,1.6
avalon_262,1.6
fcfp4_1505,1.6
morgan_r3_1056,1.6
avalon_828,1.6
avalon_379,1.6
avalon_23,1.6
morgan_r3_1508,1.6
fcfp4_494,1.6
morgan_r3_383,1.6
avalon_494,1.6
fcfp4_364,1.6
morgan_r3_74,1.6
avalon_916,1.6
morgan_1817,1.6
morgan_r3_339,1.6
avalon_887,1.6
avalon_913,1.6
avalon_573,1.6
avalon_1019,1.6
morgan_r3_994,1.6
avalon_358,1.6
avalon_206,1.6
erg_37,1.6
morgan_333,1.6
avalon_20,1.6
morgan_r3_1991,1.6
avalon_975,1.6
avalon_342,1.5333333333333334
morgan_r3_1260,1.5333333333333334
morgan_r3_1113,1.5333333333333334
morgan_950,1.5333333333333334
fcfp4_1920,1.5333333333333334
avalon_129,1.5333333333333334
avalon_879,1.5333333333333334
morgan_r3_1083,1.5333333333333334
morgan_r3_1066,1.5333333333333334
morgan_r3_667,1.5333333333333334
morgan_r3_808,1.5333333333333334
morgan_r3_502,1.5333333333333334
erg_279,1.5333333333333334
morgan_1627,1.5333333333333334
morgan_464,1.5333333333333334
morgan_r3_255,1.5333333333333334
morgan_r3_699,1.5333333333333334
avalon_414,1.5333333333333334
morgan_5,1.5333333333333334
morgan_r3_1715,1.5333333333333334
fcfp4_397,1.5333333333333334
morgan_r3_1560,1.5333333333333334
avalon_365,1.5333333333333334
morgan_r3_1665,1.5333333333333334
morgan_r3_371,1.5333333333333334
avalon_646,1.5333333333333334
morgan_r3_1518,1.5333333333333334
morgan_r3_1652,1.5333333333333334
morgan_r3_934,1.5333333333333334
mordred_NaaO,1.5333333333333334
avalon_166,1.5333333333333334
morgan_r3_1831,1.5333333333333334
morgan_724,1.5333333333333334
avalon_910,1.5333333333333334
morgan_r3_146,1.5333333333333334
morgan_r3_2013,1.5333333333333334
avalon_334,1.5333333333333334
morgan_r3_736,1.5333333333333334
morgan_r3_741,1.5333333333333334
morgan_1683,1.5333333333333334
morgan_1192,1.5333333333333334
avalon_15,1.5333333333333334
avalon_22,1.5333333333333334
avalon_223,1.5333333333333334
avalon_1010,1.5333333333333334
morgan_847,1.5333333333333334
morgan_855,1.5333333333333334
avalon_48,1.5333333333333334
avalon_43,1.5333333333333334
morgan_1236,1.4666666666666666
morgan_794,1.4666666666666666
erg_118,1.4666666666666666
morgan_r3_411,1.4666666666666666
avalon_465,1.4666666666666666
morgan_r3_41,1.4666666666666666
fcfp4_821,1.4666666666666666
morgan_r3_13,1.4666666666666666
morgan_r3_1043,1.4666666666666666
morgan_1573,1.4666666666666666
fcfp4_2034,1.4666666666666666
morgan_1943,1.4666666666666666
avalon_44,1.4666666666666666
morgan_184,1.4666666666666666
erg_38,1.4666666666666666
avalon_681,1.4666666666666666
morgan_r3_924,1.4666666666666666
morgan_1370,1.4666666666666666
morgan_456,1.4666666666666666
morgan_r3_1268,1.4666666666666666
morgan_1693,1.4666666666666666
erg_285,1.4666666666666666
avalon_759,1.4666666666666666
avalon_146,1.4666666666666666
avalon_372,1.4666666666666666
avalon_295,1.4666666666666666
avalon_385,1.4666666666666666
morgan_r3_1795,1.4666666666666666
avalon_411,1.4666666666666666
morgan_309,1.4666666666666666
morgan_1292,1.4666666666666666
morgan_1295,1.4666666666666666
morgan_r3_1197,1.4666666666666666
morgan_r3_895,1.4666666666666666
avalon_667,1.4666666666666666
morgan_r3_1957,1.4666666666666666
morgan_r3_235,1.4666666666666666
morgan_r3_168,1.4666666666666666
avalon_405,1.4666666666666666
avalon_632,1.4666666666666666
morgan_r3_184,1.4666666666666666
morgan_r3_277,1.4666666666666666
morgan_r3_1534,1.4666666666666666
avalon_545,1.4666666666666666
fcfp4_111,1.4
morgan_r3_1609,1.4
avalon_620,1.4
morgan_r3_1970,1.4
morgan_r3_1819,1.4
mordred_n4Ring,1.4
avalon_54,1.4
morgan_r3_1682,1.4
morgan_r3_1554,1.4
morgan_734,1.4
morgan_r3_1911,1.4
avalon_398,1.4
fcfp4_545,1.4
avalon_490,1.4
morgan_1853,1.4
avalon_407,1.4
morgan_1970,1.4
avalon_529,1.4
avalon_893,1.4
morgan_1260,1.4
morgan_1978,1.4
morgan_255,1.4
morgan_r3_731,1.4
morgan_r3_1745,1.4
avalon_271,1.4
avalon_880,1.4
avalon_397,1.4
avalon_289,1.4
morgan_r3_485,1.4
avalon_457,1.4
morgan_r3_281,1.4
morgan_r3_1371,1.4
morgan_r3_1163,1.4
morgan_r3_797,1.4
avalon_90,1.4
erg_197,1.4
fcfp4_1384,1.4
morgan_r3_1224,1.4
morgan_r3_980,1.4
avalon_783,1.3333333333333333
avalon_313,1.3333333333333333
fcfp4_1276,1.3333333333333333
morgan_r3_703,1.3333333333333333
rdkit_fr_ester,1.3333333333333333
morgan_r3_1383,1.3333333333333333
avalon_256,1.3333333333333333
morgan_r3_917,1.3333333333333333
avalon_689,1.3333333333333333
morgan_r3_1205,1.3333333333333333
fcfp4_684,1.3333333333333333
morgan_345,1.3333333333333333
morgan_1348,1.3333333333333333
morgan_708,1.3333333333333333
morgan_r3_1069,1.3333333333333333
avalon_978,1.3333333333333333
avalon_333,1.3333333333333333
morgan_r3_291,1.3333333333333333
morgan_r3_1089,1.3333333333333333
morgan_r3_143,1.3333333333333333
fcfp4_5,1.3333333333333333
morgan_319,1.3333333333333333
morgan_r3_1764,1.3333333333333333
morgan_r3_360,1.3333333333333333
avalon_172,1.3333333333333333
fcfp4_232,1.3333333333333333
avalon_857,1.3333333333333333
morgan_r3_102,1.3333333333333333
morgan_527,1.3333333333333333
morgan_r3_1368,1.2666666666666666
rdkit_fr_phenol_noOrthoHbond,1.2666666666666666
avalon_852,1.2666666666666666
avalon_196,1.2666666666666666
avalon_575,1.2666666666666666
morgan_1604,1.2666666666666666
morgan_1626,1.2666666666666666
morgan_r3_675,1.2666666666666666
morgan_1123,1.2666666666666666
morgan_263,1.2666666666666666
morgan_r3_28,1.2666666666666666
morgan_369,1.2666666666666666
morgan_r3_21,1.2666666666666666
morgan_1026,1.2666666666666666
avalon_396,1.2666666666666666
fcfp4_1485,1.2666666666666666
avalon_481,1.2666666666666666
avalon_125,1.2666666666666666
morgan_368,1.2666666666666666
morgan_366,1.2666666666666666
avalon_721,1.2666666666666666
morgan_r3_1455,1.2666666666666666
erg_120,1.2666666666666666
avalon_498,1.2666666666666666
avalon_329,1.2666666666666666
morgan_787,1.2666666666666666
avalon_500,1.2666666666666666
avalon_167,1.2666666666666666
morgan_r3_1689,1.2666666666666666
fcfp4_200,1.2666666666666666
morgan_r3_368,1.2666666666666666
morgan_r3_1517,1.2666666666666666
morgan_r3_1666,1.2666666666666666
fcfp4_495,1.2666666666666666
morgan_1487,1.2666666666666666
fcfp4_2035,1.2666666666666666
fcfp4_1782,1.2666666666666666
morgan_1910,1.2666666666666666
morgan_r3_1978,1.2666666666666666
avalon_238,1.2666666666666666
morgan_1256,1.2666666666666666
erg_69,1.2666666666666666
morgan_r3_1644,1.2666666666666666
avalon_958,1.2666666666666666
avalon_666,1.2666666666666666
morgan_r3_177,1.2666666666666666
avalon_1009,1.2666666666666666
morgan_r3_242,1.2666666666666666
rdkit_fr_phenol,1.2666666666666666
morgan_2033,1.2666666666666666
morgan_119,1.2
mordred_n3Ring,1.2
morgan_r3_816,1.2
morgan_r3_857,1.2
avalon_340,1.2
morgan_1661,1.2
avalon_599,1.2
avalon_314,1.2
morgan_r3_157,1.2
morgan_r3_1999,1.2
morgan_r3_2026,1.2
morgan_1374,1.2
morgan_r3_327,1.2
avalon_524,1.2
avalon_217,1.2
morgan_r3_1980,1.2
erg_34,1.2
morgan_r3_2034,1.2
morgan_r3_140,1.2
fcfp4_16,1.2
morgan_r3_1567,1.2
morgan_r3_343,1.2
morgan_1518,1.2
morgan_1460,1.2
avalon_922,1.2
morgan_1221,1.2
morgan_r3_1536,1.2
morgan_r3_100,1.2
avalon_676,1.2
morgan_r3_384,1.2
morgan_r3_1493,1.2
morgan_581,1.2
avalon_173,1.2
morgan_r3_82,1.2
morgan_r3_87,1.2
fcfp4_646,1.2
morgan_r3_592,1.2
morgan_383,1.2
morgan_r3_1858,1.2
morgan_1387,1.2
morgan_r3_1490,1.2
avalon_161,1.2
morgan_r3_577,1.2
avalon_730,1.2
fcfp4_1889,1.2
mordred_nAcid,1.2
morgan_r3_1295,1.2
avalon_266,1.2
morgan_r3_1132,1.2
avalon_103,1.2
fcfp4_1011,1.2
erg_200,1.2
erg_257,1.2
morgan_r3_526,1.2
morgan_r3_941,1.2
morgan_231,1.2
avalon_216,1.2
avalon_609,1.2
mordred_n10FARing,1.2
morgan_r3_799,1.2
morgan_r3_806,1.2
morgan_29,1.2
morgan_r3_747,1.2
avalon_982,1.1333333333333333
morgan_1991,1.1333333333333333
morgan_573,1.1333333333333333
avalon_8,1.1333333333333333
morgan_r3_1730,1.1333333333333333
morgan_r3_1848,1.1333333333333333
morgan_r3_227,1.1333333333333333
avalon_572,1.1333333333333333
morgan_1912,1.1333333333333333
morgan_532,1.1333333333333333
avalon_906,1.1333333333333333
fcfp4_1983,1.1333333333333333
morgan_r3_975,1.1333333333333333
morgan_r3_1706,1.1333333333333333
morgan_r3_590,1.1333333333333333
morgan_r3_1638,1.1333333333333333
erg_87,1.1333333333333333
morgan_r3_610,1.1333333333333333
morgan_387,1.1333333333333333
erg_70,1.1333333333333333
avalon_899,1.1333333333333333
morgan_1171,1.1333333333333333
morgan_r3_109,1.1333333333333333
avalon_858,1.1333333333333333
avalon_860,1.1333333333333333
morgan_1840,1.1333333333333333
morgan_r3_787,1.1333333333333333
avalon_242,1.1333333333333333
morgan_809,1.1333333333333333
morgan_r3_1447,1.1333333333333333
morgan_r3_1487,1.1333333333333333
morgan_r3_57,1.1333333333333333
morgan_r3_734,1.1333333333333333
morgan_r3_726,1.1333333333333333
morgan_r3_1801,1.1333333333333333
morgan_1163,1.1333333333333333
morgan_r3_1343,1.1333333333333333
avalon_263,1.1333333333333333
avalon_476,1.1333333333333333
fcfp4_1478,1.1333333333333333
morgan_r3_437,1.1333333333333333
morgan_r3_1285,1.1333333333333333
morgan_r3_1313,1.1333333333333333
morgan_1536,1.1333333333333333
morgan_r3_1501,1.1333333333333333
morgan_r3_530,1.1333333333333333
morgan_r3_1150,1.1333333333333333
morgan_1665,1.1333333333333333
avalon_765,1.1333333333333333
morgan_r3_1237,1.1333333333333333
morgan_r3_369,1.1333333333333333
morgan_785,1.1333333333333333
morgan_1745,1.1333333333333333
morgan_664,1.1333333333333333
avalon_561,1.0666666666666667
morgan_r3_936,1.0666666666666667
morgan_41,1.0666666666666667
avalon_351,1.0666666666666667
avalon_197,1.0666666666666667
avalon_979,1.0666666666666667
morgan_1160,1.0666666666666667
morgan_r3_417,1.0666666666666667
avalon_93,1.0666666666666667
morgan_r3_1451,1.0666666666666667
morgan_r3_1460,1.0666666666666667
avalon_455,1.0666666666666667
avalon_247,1.0666666666666667
morgan_r3_1279,1.0666666666666667
avalon_165,1.0666666666666667
avalon_483,1.0666666666666667
morgan_437,1.0666666666666667
fcfp4_555,1.0666666666666667
morgan_1197,1.0666666666666667
avalon_709,1.0666666666666667
morgan_1121,1.0666666666666667
avalon_539,1.0666666666666667
morgan_r3_1101,1.0666666666666667
avalon_240,1.0666666666666667
avalon_1021,1.0666666666666667
morgan_352,1.0666666666666667
avalon_930,1.0666666666666667
avalon_1,1.0666666666666667
morgan_r3_1804,1.0666666666666667
morgan_r3_628,1.0666666666666667
avalon_61,1.0666666666666667
morgan_r3_955,1.0666666666666667
morgan_r3_624,1.0666666666666667
morgan_r3_996,1.0666666666666667
avalon_400,1.0666666666666667
morgan_564,1.0666666666666667
fcfp4_2041,1.0666666666666667
avalon_370,1.0666666666666667
morgan_r3_1230,1.0666666666666667
avalon_140,1.0666666666666667
erg_276,1.0666666666666667
morgan_1762,1.0666666666666667
morgan_r3_508,1.0666666666666667
fcfp4_132,1.0666666666666667
fcfp4_1557,1.0666666666666667
morgan_1501,1.0666666666666667
avalon_440,1.0666666666666667
morgan_r3_1244,1.0666666666666667
morgan_r3_1429,1.0666666666666667
morgan_984,1.0666666666666667
avalon_183,1.0666666666666667
morgan_222,1.0666666666666667
fcfp4_1809,1.0666666666666667
fcfp4_1950,1.0666666666666667
avalon_187,1.0666666666666667
fcfp4_1899,1.0666666666666667
morgan_r3_119,1.0666666666666667
morgan_r3_507,1.0666666666666667
fcfp4_19,1.0666666666666667
morgan_526,1.0666666666666667
fcfp4_416,1.0666666666666667
morgan_674,1.0666666666666667
rdkit_fr_Ar_OH,1.0666666666666667
fcfp4_1732,1.0
morgan_235,1.0
morgan_r3_187,1.0
morgan_r3_259,1.0
morgan_r3_1724,1.0
morgan_r3_1847,1.0
morgan_r3_328,1.0
morgan_r3_335,1.0
morgan_r3_1685,1.0
morgan_507,1.0
morgan_384,1.0
morgan_114,1.0
fcfp4_2016,1.0
avalon_897,1.0
morgan_1285,1.0
morgan_r3_225,1.0
mordred_n8FRing,1.0
fcfp4_1704,1.0
morgan_r3_1743,1.0
avalon_853,1.0
morgan_r3_551,1.0
rdkit_fr_ketone,1.0
erg_147,1.0
avalon_679,1.0
avalon_873,1.0
morgan_667,1.0
morgan_675,1.0
morgan_r3_1099,1.0
morgan_216,1.0
morgan_1692,1.0
morgan_r3_352,1.0
avalon_78,1.0
morgan_r3_1135,1.0
morgan_r3_536,1.0
morgan_1724,1.0
morgan_r3_541,1.0
rdkit_fr_urea,1.0
avalon_535,1.0
morgan_r3_121,1.0
morgan_r3_1537,1.0
fcfp4_162,1.0
avalon_308,1.0
morgan_r3_1481,1.0
morgan_1381,1.0
fcfp4_656,1.0
avalon_717,1.0
erg_270,1.0
erg_259,1.0
erg_256,1.0
morgan_r3_385,1.0
fcfp4_964,1.0
morgan_r3_1249,1.0
morgan_1357,1.0
fcfp4_1003,1.0
morgan_1514,1.0
morgan_699,1.0
fcfp4_802,1.0
avalon_110,1.0
morgan_r3_426,1.0
morgan_r3_422,1.0
morgan_r3_1301,1.0
morgan_r3_469,1.0
morgan_r3_1411,1.0
morgan_r3_1359,1.0
fcfp4_829,1.0
morgan_1014,1.0
morgan_r3_684,1.0
morgan_r3_813,1.0
morgan_r3_743,1.0
morgan_r3_802,1.0
morgan_r3_716,0.9333333333333333
morgan_335,0.9333333333333333
morgan_325,0.9333333333333333
morgan_r3_855,0.9333333333333333
morgan_r3_237,0.9333333333333333
morgan_r3_268,0.9333333333333333
avalon_734,0.9333333333333333
avalon_257,0.9333333333333333
morgan_r3_768,0.9333333333333333
morgan_r3_1510,0.9333333333333333
morgan_r3_1513,0.9333333333333333
morgan_r3_1461,0.9333333333333333
avalon_743,0.9333333333333333
morgan_r3_1271,0.9333333333333333
morgan_r3_1492,0.9333333333333333
morgan_r3_387,0.9333333333333333
morgan_r3_377,0.9333333333333333
morgan_r3_1497,0.9333333333333333
fcfp4_1529,0.9333333333333333
morgan_r3_1312,0.9333333333333333
morgan_r3_480,0.9333333333333333
avalon_252,0.9333333333333333
morgan_1027,0.9333333333333333
avalon_294,0.9333333333333333
morgan_r3_32,0.9333333333333333
morgan_1568,0.9333333333333333
fcfp4_826,0.9333333333333333
avalon_423,0.9333333333333333
fcfp4_512,0.9333333333333333
avalon_416,0.9333333333333333
avalon_119,0.9333333333333333
avalon_654,0.9333333333333333
morgan_r3_629,0.9333333333333333
fcfp4_1764,0.9333333333333333
morgan_r3_1683,0.9333333333333333
morgan_r3_974,0.9333333333333333
avalon_343,0.9333333333333333
morgan_1280,0.9333333333333333
fcfp4_1261,0.9333333333333333
avalon_19,0.9333333333333333
morgan_r3_221,0.9333333333333333
morgan_r3_190,0.9333333333333333
morgan_1416,0.9333333333333333
avalon_209,0.9333333333333333
morgan_r3_2028,0.9333333333333333
morgan_1778,0.9333333333333333
avalon_659,0.9333333333333333
morgan_r3_1929,0.9333333333333333
morgan_r3_1985,0.9333333333333333
morgan_r3_564,0.9333333333333333
morgan_r3_1112,0.9333333333333333
morgan_1309,0.9333333333333333
avalon_395,0.9333333333333333
fcfp4_81,0.9333333333333333
morgan_249,0.9333333333333333
morgan_r3_757,0.9333333333333333
avalon_377,0.9333333333333333
fcfp4_1236,0.9333333333333333
morgan_r3_715,0.9333333333333333
morgan_r3_597,0.9333333333333333
morgan_r3_598,0.9333333333333333
avalon_631,0.9333333333333333
avalon_886,0.9333333333333333
morgan_1482,0.9333333333333333
morgan_r3_1174,0.9333333333333333
erg_219,0.9333333333333333
morgan_r3_96,0.9333333333333333
morgan_1157,0.8666666666666667
morgan_r3_425,0.8666666666666667
avalon_728,0.8666666666666667
morgan_r3_687,0.8666666666666667
avalon_816,0.8666666666666667
morgan_r3_1226,0.8666666666666667
morgan_r3_394,0.8666666666666667
morgan_r3_1463,0.8666666666666667
avalon_605,0.8666666666666667
morgan_r3_700,0.8666666666666667
morgan_r3_1561,0.8666666666666667
avalon_803,0.8666666666666667
morgan_1208,0.8666666666666667
morgan_r3_40,0.8666666666666667
morgan_r3_29,0.8666666666666667
fcfp4_628,0.8666666666666667
morgan_448,0.8666666666666667
morgan_r3_334,0.8666666666666667
morgan_r3_192,0.8666666666666667
morgan_r3_1952,0.8666666666666667
morgan_r3_908,0.8666666666666667
mordred_nRing,0.8666666666666667
morgan_r3_835,0.8666666666666667
morgan_r3_800,0.8666666666666667
morgan_r3_804,0.8666666666666667
morgan_r3_922,0.8666666666666667
morgan_r3_1742,0.8666666666666667
fcfp4_1087,0.8666666666666667
fcfp4_1714,0.8666666666666667
avalon_622,0.8666666666666667
morgan_r3_205,0.8666666666666667
morgan_8,0.8666666666666667
morgan_268,0.8666666666666667
morgan_r3_604,0.8666666666666667
rdkit_fr_Al_OH,0.8666666666666667
morgan_1858,0.8666666666666667
morgan_r3_1053,0.8666666666666667
fcfp4_1367,0.8666666666666667
avalon_47,0.8666666666666667
avalon_181,0.8666666666666667
morgan_r3_556,0.8666666666666667
morgan_r3_1105,0.8666666666666667
morgan_772,0.8666666666666667
morgan_r3_1064,0.8666666666666667
morgan_r3_1646,0.8666666666666667
morgan_207,0.8666666666666667
avalon_842,0.8666666666666667
morgan_r3_573,0.8666666666666667
avalon_152,0.8666666666666667
morgan_r3_1972,0.8666666666666667
morgan_1136,0.8666666666666667
rdkit_fr_Ar_NH,0.8666666666666667
erg_198,0.8666666666666667
morgan_r3_1181,0.8666666666666667
morgan_r3_1187,0.8666666666666667
fcfp4_475,0.8666666666666667
morgan_r3_289,0.8666666666666667
avalon_390,0.8666666666666667
avalon_215,0.8666666666666667
fcfp4_1925,0.8666666666666667
morgan_r3_571,0.8666666666666667
morgan_1224,0.8666666666666667
morgan_r3_965,0.8666666666666667
morgan_r3_1803,0.8
morgan_r3_701,0.8
morgan_2023,0.8
morgan_143,0.8
avalon_971,0.8
morgan_r3_836,0.8
fcfp4_1153,0.8
fcfp4_714,0.8
fcfp4_824,0.8
fcfp4_1510,0.8
avalon_144,0.8
avalon_151,0.8
morgan_1049,0.8
morgan_r3_1400,0.8
morgan_r3_446,0.8
morgan_r3_444,0.8
morgan_r3_432,0.8
morgan_r3_1299,0.8
morgan_r3_483,0.8
morgan_r3_43,0.8
mordred_NssS,0.8
morgan_r3_671,0.8
morgan_r3_780,0.8
morgan_r3_451,0.8
morgan_r3_449,0.8
fcfp4_317,0.8
avalon_139,0.8
avalon_758,0.8
avalon_773,0.8
avalon_428,0.8
erg_258,0.8
avalon_243,0.8
morgan_r3_374,0.8
morgan_r3_1457,0.8
avalon_430,0.8
mordred_nS,0.8
fcfp4_770,0.8
avalon_255,0.8
fcfp4_743,0.8
morgan_193,0.8
morgan_r3_2004,0.8
morgan_1300,0.8
mordred_GhoseFilter,0.8
morgan_1099,0.8
morgan_r3_544,0.8
avalon_170,0.8
morgan_r3_1171,0.8
morgan_r3_548,0.8
morgan_r3_344,0.8
morgan_r3_110,0.8
morgan_r3_543,0.8
morgan_r3_1115,0.8
rdkit_NumSpiroAtoms,0.8
morgan_1765,0.8
avalon_812,0.8
morgan_1819,0.8
fcfp4_1934,0.8
morgan_r3_193,0.8
morgan_r3_1939,0.8
morgan_r3_180,0.8
morgan_r3_1946,0.8
morgan_r3_1954,0.8
avalon_382,0.8
morgan_r3_1650,0.8
morgan_r3_318,0.8
morgan_r3_321,0.8
morgan_r3_1908,0.8
morgan_r3_589,0.8
morgan_r3_1048,0.8
morgan_r3_1681,0.8
avalon_650,0.8
morgan_r3_1701,0.8
morgan_r3_301,0.8
morgan_322,0.8
morgan_1905,0.8
morgan_1948,0.8
morgan_r3_623,0.8
morgan_r3_1817,0.8
avalon_1020,0.8
morgan_1441,0.8
morgan_r3_213,0.8
morgan_531,0.8
morgan_r3_1852,0.8
morgan_r3_1832,0.8
avalon_607,0.8
fcfp4_1299,0.8
morgan_901,0.8
morgan_2004,0.8
morgan_30,0.8
morgan_43,0.7333333333333333
morgan_r3_1661,0.7333333333333333
morgan_r3_781,0.7333333333333333
morgan_r3_1637,0.7333333333333333
morgan_r3_1027,0.7333333333333333
morgan_1985,0.7333333333333333
morgan_1975,0.7333333333333333
avalon_279,0.7333333333333333
morgan_r3_1051,0.7333333333333333
morgan_r3_265,0.7333333333333333
morgan_r3_1526,0.7333333333333333
morgan_r3_244,0.7333333333333333
avalon_435,0.7333333333333333
fcfp4_1775,0.7333333333333333
fcfp4_1771,0.7333333333333333
morgan_r3_1430,0.7333333333333333
morgan_r3_1109,0.7333333333333333
morgan_r3_216,0.7333333333333333
morgan_385,0.7333333333333333
morgan_446,0.7333333333333333
morgan_502,0.7333333333333333
morgan_r3_1870,0.7333333333333333
morgan_r3_1478,0.7333333333333333
morgan_r3_729,0.7333333333333333
morgan_r3_724,0.7333333333333333
avalon_417,0.7333333333333333
avalon_517,0.7333333333333333
morgan_r3_900,0.7333333333333333
morgan_1194,0.7333333333333333
morgan_r3_1339,0.7333333333333333
morgan_1110,0.7333333333333333
morgan_1043,0.7333333333333333
morgan_r3_1353,0.7333333333333333
rdkit_fr_thiazole,0.7333333333333333
morgan_r3_1292,0.7333333333333333
fcfp4_764,0.7333333333333333
morgan_r3_1274,0.7333333333333333
morgan_r3_36,0.7333333333333333
avalon_831,0.7333333333333333
fcfp4_1392,0.7333333333333333
avalon_794,0.7333333333333333
avalon_645,0.7333333333333333
morgan_r3_1143,0.7333333333333333
morgan_r3_552,0.7333333333333333
morgan_1768,0.7333333333333333
rdkit_fr_Nhpyrrole,0.7333333333333333
morgan_1800,0.7333333333333333
morgan_r3_463,0.7333333333333333
fcfp4_215,0.7333333333333333
fcfp4_117,0.7333333333333333
morgan_r3_2027,0.7333333333333333
morgan_821,0.7333333333333333
morgan_1887,0.7333333333333333
fcfp4_3,0.7333333333333333
morgan_1017,0.7333333333333333
morgan_r3_1441,0.7333333333333333
morgan_r3_170,0.7333333333333333
morgan_r3_1194,0.7333333333333333
avalon_999,0.7333333333333333
morgan_r3_1253,0.7333333333333333
morgan_r3_1257,0.7333333333333333
morgan_116,0.7333333333333333
morgan_r3_325,0.7333333333333333
morgan_r3_773,0.7333333333333333
morgan_1506,0.7333333333333333
morgan_168,0.7333333333333333
morgan_r3_1713,0.7333333333333333
morgan_171,0.7333333333333333
morgan_r3_795,0.7333333333333333
avalon_184,0.7333333333333333
morgan_r3_1573,0.7333333333333333
mordred_n9FaRing,0.7333333333333333
morgan_r3_1676,0.7333333333333333
avalon_992,0.7333333333333333
fcfp4_1300,0.7333333333333333
fcfp4_1204,0.7333333333333333
morgan_r3_532,0.7333333333333333
morgan_1602,0.7333333333333333
avalon_953,0.7333333333333333
avalon_956,0.7333333333333333
fcfp4_1154,0.7333333333333333
morgan_r3_15,0.7333333333333333
morgan_r3_641,0.7333333333333333
morgan_1261,0.7333333333333333
morgan_r3_61,0.7333333333333333
fcfp4_660,0.7333333333333333
morgan_r3_357,0.6666666666666666
morgan_r3_1769,0.6666666666666666
morgan_r3_620,0.6666666666666666
morgan_r3_1951,0.6666666666666666
morgan_r3_1953,0.6666666666666666
morgan_r3_1440,0.6666666666666666
morgan_862,0.6666666666666666
morgan_r3_1136,0.6666666666666666
avalon_595,0.6666666666666666
fcfp4_1879,0.6666666666666666
morgan_r3_1120,0.6666666666666666
avalon_453,0.6666666666666666
morgan_r3_1476,0.6666666666666666
morgan_305,0.6666666666666666
morgan_281,0.6666666666666666
morgan_354,0.6666666666666666
avalon_353,0.6666666666666666
morgan_r3_1096,0.6666666666666666
fcfp4_1914,0.6666666666666666
morgan_r3_223,0.6666666666666666
avalon_293,0.6666666666666666
avalon_12,0.6666666666666666
morgan_94,0.6666666666666666
morgan_102,0.6666666666666666
morgan_42,0.6666666666666666
morgan_r3_754,0.6666666666666666
mordred_n9FARing,0.6666666666666666
morgan_r3_1078,0.6666666666666666
morgan_r3_1506,0.6666666666666666
morgan_r3_1542,0.6666666666666666
morgan_r3_461,0.6666666666666666
morgan_747,0.6666666666666666
morgan_806,0.6666666666666666
morgan_r3_1381,0.6666666666666666
morgan_r3_149,0.6666666666666666
morgan_r3_45,0.6666666666666666
morgan_r3_1291,0.6666666666666666
fcfp4_805,0.6666666666666666
avalon_826,0.6666666666666666
avalon_863,0.6666666666666666
avalon_861,0.6666666666666666
morgan_r3_522,0.6666666666666666
morgan_r3_1188,0.6666666666666666
fcfp4_278,0.6666666666666666
morgan_r3_81,0.6666666666666666
fcfp4_515,0.6666666666666666
morgan_r3_1367,0.6666666666666666
morgan_r3_1348,0.6666666666666666
morgan_r3_1351,0.6666666666666666
fcfp4_277,0.6666666666666666
morgan_r3_1155,0.6666666666666666
morgan_888,0.6666666666666666
morgan_917,0.6666666666666666
fcfp4_67,0.6666666666666666
morgan_1312,0.6666666666666666
morgan_r3_1905,0.6666666666666666
morgan_548,0.6666666666666666
morgan_638,0.6666666666666666
morgan_r3_204,0.6666666666666666
morgan_r3_1934,0.6666666666666666
morgan_1823,0.6666666666666666
morgan_r3_888,0.6666666666666666
morgan_r3_677,0.6666666666666666
fcfp4_224,0.6666666666666666
morgan_1149,0.6666666666666666
morgan_r3_1370,0.6666666666666666
morgan_1464,0.6666666666666666
morgan_r3_1238,0.6666666666666666
morgan_1689,0.6666666666666666
fcfp4_1147,0.6666666666666666
morgan_r3_1209,0.6666666666666666
rdkit_fr_morpholine,0.6666666666666666
morgan_1781,0.6666666666666666
fcfp4_1228,0.6666666666666666
fcfp4_705,0.6666666666666666
morgan_r3_70,0.6666666666666666
morgan_r3_1318,0.6666666666666666
morgan_1569,0.6666666666666666
morgan_r3_1270,0.6666666666666666
morgan_1365,0.6666666666666666
fcfp4_883,0.6666666666666666
morgan_r3_929,0.6666666666666666
morgan_1578,0.6666666666666666
morgan_r3_1599,0.6666666666666666
morgan_140,0.6666666666666666
morgan_r3_760,0.6666666666666666
morgan_145,0.6666666666666666
erg_11,0.6666666666666666
erg_296,0.6666666666666666
morgan_1447,0.6666666666666666
avalon_142,0.6666666666666666
morgan_r3_1747,0.6666666666666666
morgan_r3_262,0.6666666666666666
morgan_371,0.6666666666666666
morgan_r3_575,0.6666666666666666
avalon_138,0.6666666666666666
morgan_r3_1746,0.6666666666666666
morgan_190,0.6666666666666666
morgan_169,0.6666666666666666
morgan_r3_745,0.6
morgan_r3_1570,0.6
morgan_r3_1571,0.6
morgan_r3_1578,0.6
morgan_r3_362,0.6
avalon_14,0.6
avalon_230,0.6
morgan_r3_767,0.6
fcfp4_978,0.6
fcfp4_1009,0.6
morgan_r3_1245,0.6
morgan_r3_484,0.6
morgan_1663,0.6
morgan_r3_1192,0.6
morgan_r3_1198,0.6
avalon_939,0.6
morgan_1384,0.6
fcfp4_895,0.6
fcfp4_901,0.6
morgan_r3_1266,0.6
fcfp4_926,0.6
fcfp4_931,0.6
morgan_r3_2,0.6
morgan_1567,0.6
morgan_r3_1308,0.6
morgan_r3_632,0.6
morgan_r3_638,0.6
morgan_r3_523,0.6
avalon_775,0.6
fcfp4_1523,0.6
morgan_r3_995,0.6
morgan_1063,0.6
fcfp4_472,0.6
fcfp4_481,0.6
morgan_r3_1346,0.6
morgan_980,0.6
morgan_r3_692,0.6
morgan_r3_876,0.6
morgan_r3_878,0.6
morgan_1795,0.6
rdkit_fr_COO,0.6
morgan_r3_538,0.6
avalon_626,0.6
fcfp4_1678,0.6
morgan_1831,0.6
rdkit_fr_Al_OH_noTert,0.6
avalon_610,0.6
morgan_833,0.6
morgan_r3_679,0.6
morgan_r3_1395,0.6
morgan_r3_1392,0.6
morgan_r3_1393,0.6
morgan_r3_130,0.6
fcfp4_47,0.6
morgan_953,0.6
morgan_r3_711,0.6
morgan_r3_1956,0.6
morgan_816,0.6
morgan_819,0.6
fcfp4_1768,0.6
avalon_357,0.6
morgan_r3_1818,0.6
morgan_r3_1820,0.6
morgan_r3_1823,0.6
morgan_r3_1840,0.6
morgan_r3_1861,0.6
morgan_r3_1482,0.6
morgan_r3_1875,0.6
morgan_r3_1758,0.6
morgan_r3_1771,0.6
morgan_r3_246,0.6
morgan_r3_1514,0.6
morgan_r3_1811,0.6
morgan_2000,0.6
morgan_r3_619,0.6
morgan_1982,0.6
avalon_332,0.6
morgan_r3_579,0.6
avalon_269,0.6
morgan_r3_602,0.6
morgan_r3_354,0.6
morgan_r3_1649,0.6
morgan_186,0.5333333333333333
morgan_r3_1035,0.5333333333333333
morgan_r3_1563,0.5333333333333333
morgan_r3_1581,0.5333333333333333
morgan_52,0.5333333333333333
avalon_213,0.5333333333333333
avalon_169,0.5333333333333333
morgan_r3_279,0.5333333333333333
avalon_107,0.5333333333333333
avalon_75,0.5333333333333333
morgan_r3_256,0.5333333333333333
avalon_10,0.5333333333333333
morgan_r3_364,0.5333333333333333
morgan_r3_1879,0.5333333333333333
avalon_464,0.5333333333333333
morgan_r3_1100,0.5333333333333333
morgan_r3_820,0.5333333333333333
morgan_r3_821,0.5333333333333333
morgan_r3_696,0.5333333333333333
morgan_349,0.5333333333333333
morgan_r3_1491,0.5333333333333333
morgan_r3_1091,0.5333333333333333
avalon_438,0.5333333333333333
morgan_469,0.5333333333333333
fcfp4_1988,0.5333333333333333
morgan_r3_1780,0.5333333333333333
morgan_1929,0.5333333333333333
morgan_1972,0.5333333333333333
morgan_r3_267,0.5333333333333333
morgan_r3_1766,0.5333333333333333
morgan_r3_725,0.5333333333333333
morgan_339,0.5333333333333333
morgan_r3_1912,0.5333333333333333
morgan_552,0.5333333333333333
morgan_r3_405,0.5333333333333333
morgan_r3_1898,0.5333333333333333
morgan_r3_173,0.5333333333333333
morgan_r3_186,0.5333333333333333
morgan_r3_1921,0.5333333333333333
morgan_r3_1945,0.5333333333333333
fcfp4_1726,0.5333333333333333
morgan_r3_1868,0.5333333333333333
morgan_r3_1859,0.5333333333333333
morgan_r3_52,0.5333333333333333
morgan_r3_1316,0.5333333333333333
morgan_r3_481,0.5333333333333333
morgan_r3_473,0.5333333333333333
fcfp4_576,0.5333333333333333
morgan_r3_465,0.5333333333333333
morgan_r3_515,0.5333333333333333
erg_121,0.5333333333333333
fcfp4_1067,0.5333333333333333
morgan_r3_319,0.5333333333333333
morgan_r3_329,0.5333333333333333
morgan_r3_1624,0.5333333333333333
morgan_1296,0.5333333333333333
morgan_r3_947,0.5333333333333333
morgan_r3_14,0.5333333333333333
morgan_1430,0.5333333333333333
morgan_r3_916,0.5333333333333333
morgan_r3_5,0.5333333333333333
morgan_r3_34,0.5333333333333333
fcfp4_747,0.5333333333333333
morgan_r3_60,0.5333333333333333
fcfp4_486,0.5333333333333333
morgan_r3_1235,0.5333333333333333
fcfp4_536,0.5333333333333333
morgan_1190,0.5333333333333333
morgan_1238,0.5333333333333333
morgan_r3_907,0.5333333333333333
morgan_r3_94,0.5333333333333333
morgan_1654,0.5333333333333333
fcfp4_471,0.5333333333333333
avalon_941,0.5333333333333333
morgan_r3_1204,0.5333333333333333
morgan_r3_1225,0.5333333333333333
morgan_1731,0.5333333333333333
morgan_1747,0.5333333333333333
fcfp4_1314,0.5333333333333333
avalon_947,0.5333333333333333
morgan_r3_664,0.5333333333333333
morgan_r3_892,0.5333333333333333
morgan_1134,0.5333333333333333
morgan_1758,0.5333333333333333
fcfp4_32,0.5333333333333333
morgan_r3_1149,0.5333333333333333
morgan_r3_1154,0.5333333333333333
morgan_964,0.5333333333333333
morgan_r3_1178,0.5333333333333333
fcfp4_1466,0.5333333333333333
morgan_1004,0.5333333333333333
morgan_r3_160,0.5333333333333333
avalon_722,0.5333333333333333
morgan_r3_993,0.5333333333333333
morgan_766,0.5333333333333333
morgan_r3_866,0.5333333333333333
erg_164,0.5333333333333333
fcfp4_700,0.5333333333333333
erg_199,0.5333333333333333
morgan_r3_1428,0.4666666666666667
morgan_1956,0.4666666666666667
morgan_r3_1422,0.4666666666666667
morgan_r3_1442,0.4666666666666667
morgan_1911,0.4666666666666667
morgan_r3_198,0.4666666666666667
morgan_r3_1928,0.4666666666666667
morgan_r3_1146,0.4666666666666667
morgan_r3_1865,0.4666666666666667
morgan_679,0.4666666666666667
avalon_523,0.4666666666666667
morgan_523,0.4666666666666667
morgan_554,0.4666666666666667
morgan_r3_381,0.4666666666666667
morgan_r3_202,0.4666666666666667
morgan_r3_207,0.4666666666666667
avalon_602,0.4666666666666667
morgan_r3_584,0.4666666666666667
morgan_1903,0.4666666666666667
avalon_643,0.4666666666666667
morgan_1939,0.4666666666666667
morgan_r3_1794,0.4666666666666667
morgan_r3_1107,0.4666666666666667
morgan_454,0.4666666666666667
avalon_505,0.4666666666666667
morgan_r3_1102,0.4666666666666667
morgan_r3_554,0.4666666666666667
morgan_r3_560,0.4666666666666667
morgan_r3_379,0.4666666666666667
morgan_r3_1788,0.4666666666666667
fcfp4_1997,0.4666666666666667
morgan_160,0.4666666666666667
morgan_180,0.4666666666666667
morgan_1993,0.4666666666666667
avalon_234,0.4666666666666667
morgan_r3_280,0.4666666666666667
morgan_r3_1717,0.4666666666666667
fcfp4_2011,0.4666666666666667
fcfp4_1999,0.4666666666666667
morgan_r3_284,0.4666666666666667
morgan_r3_282,0.4666666666666667
avalon_77,0.4666666666666667
avalon_236,0.4666666666666667
avalon_211,0.4666666666666667
morgan_r3_1673,0.4666666666666667
morgan_45,0.4666666666666667
avalon_175,0.4666666666666667
morgan_2036,0.4666666666666667
morgan_r3_250,0.4666666666666667
morgan_r3_1050,0.4666666666666667
morgan_341,0.4666666666666667
morgan_277,0.4666666666666667
morgan_r3_1773,0.4666666666666667
morgan_r3_162,0.4666666666666667
avalon_668,0.4666666666666667
rdkit_fr_NH2,0.4666666666666667
morgan_r3_984,0.4666666666666667
morgan_r3_1994,0.4666666666666667
morgan_745,0.4666666666666667
morgan_r3_864,0.4666666666666667
morgan_r3_1969,0.4666666666666667
fcfp4_431,0.4666666666666667
fcfp4_388,0.4666666666666667
morgan_r3_107,0.4666666666666667
fcfp4_294,0.4666666666666667
morgan_r3_1355,0.4666666666666667
morgan_r3_454,0.4666666666666667
avalon_946,0.4666666666666667
avalon_942,0.4666666666666667
morgan_r3_637,0.4666666666666667
fcfp4_1229,0.4666666666666667
rdkit_fr_thiophene,0.4666666666666667
morgan_1729,0.4666666666666667
morgan_r3_116,0.4666666666666667
avalon_948,0.4666666666666667
rdkit_fr_furan,0.4666666666666667
morgan_r3_630,0.4666666666666667
morgan_1168,0.4666666666666667
morgan_r3_126,0.4666666666666667
morgan_r3_122,0.4666666666666667
morgan_1128,0.4666666666666667
fcfp4_1520,0.4666666666666667
morgan_760,0.4666666666666667
morgan_r3_1989,0.4666666666666667
morgan_r3_2021,0.4666666666666667
avalon_752,0.4666666666666667
avalon_781,0.4666666666666667
avalon_793,0.4666666666666667
avalon_822,0.4666666666666667
fcfp4_1360,0.4666666666666667
morgan_r3_142,0.4666666666666667
fcfp4_21,0.4666666666666667
fcfp4_26,0.4666666666666667
morgan_r3_504,0.4666666666666667
erg_202,0.4666666666666667
fcfp4_648,0.4666666666666667
fcfp4_611,0.4666666666666667
mordred_nX,0.4666666666666667
morgan_r3_1234,0.4666666666666667
morgan_1233,0.4666666666666667
morgan_r3_86,0.4666666666666667
morgan_1649,0.4666666666666667
morgan_1638,0.4666666666666667
morgan_r3_964,0.4666666666666667
morgan_r3_952,0.4666666666666667
morgan_1527,0.4666666666666667
fcfp4_918,0.4666666666666667
morgan_r3_1265,0.4666666666666667
fcfp4_729,0.4666666666666667
fcfp4_898,0.4666666666666667
morgan_1329,0.4666666666666667
fcfp4_966,0.4666666666666667
morgan_r3_497,0.4666666666666667
morgan_r3_1643,0.4666666666666667
morgan_r3_305,0.4666666666666667
mordred_n9FAHRing,0.4666666666666667
morgan_2,0.4666666666666667
morgan_r3_1607,0.4666666666666667
morgan_r3_306,0.4666666666666667
morgan_r3_333,0.4666666666666667
morgan_r3_1620,0.4666666666666667
morgan_r3_766,0.4666666666666667
morgan_r3_772,0.4666666666666667
morgan_r3_779,0.4666666666666667
mordred_n10FaRing,0.4666666666666667
mordred_nG12FHRing,0.4
morgan_r3_1594,0.4
morgan_r3_1695,0.4
morgan_r3_1714,0.4
morgan_r3_1726,0.4
morgan_r3_1741,0.4
avalon_304,0.4
avalon_306,0.4
morgan_r3_1038,0.4
morgan_1481,0.4
morgan_r3_940,0.4
morgan_1445,0.4
morgan_1455,0.4
morgan_1411,0.4
morgan_1415,0.4
morgan_1339,0.4
morgan_1308,0.4
fcfp4_871,0.4
morgan_r3_1273,0.4
morgan_r3_1276,0.4
fcfp4_809,0.4
fcfp4_848,0.4
fcfp4_934,0.4
avalon_130,0.4
morgan_318,0.4
morgan_r3_811,0.4
morgan_r3_815,0.4
morgan_302,0.4
morgan_289,0.4
avalon_347,0.4
morgan_1980,0.4
fcfp4_1967,0.4
morgan_r3_581,0.4
morgan_r3_1527,0.4
morgan_r3_241,0.4
morgan_r3_1805,0.4
fcfp4_535,0.4
fcfp4_564,0.4
fcfp4_693,0.4
morgan_r3_1302,0.4
erg_221,0.4
erg_117,0.4
morgan_r3_510,0.4
morgan_474,0.4
mordred_NaaS,0.4
morgan_r3_833,0.4
morgan_380,0.4
morgan_r3_218,0.4
morgan_r3_1110,0.4
morgan_r3_1117,0.4
avalon_443,0.4
fcfp4_1895,0.4
mordred_nSpiro,0.4
morgan_r3_949,0.4
morgan_1634,0.4
morgan_1617,0.4
morgan_r3_85,0.4
morgan_1265,0.4
morgan_1279,0.4
morgan_1282,0.4
morgan_r3_914,0.4
morgan_1153,0.4
morgan_1155,0.4
morgan_r3_1845,0.4
morgan_r3_1485,0.4
morgan_r3_203,0.4
morgan_r3_1013,0.4
fcfp4_1709,0.4
fcfp4_1710,0.4
fcfp4_1720,0.4
morgan_r3_1126,0.4
fcfp4_1220,0.4
morgan_r3_524,0.4
morgan_r3_1363,0.4
morgan_r3_1365,0.4
fcfp4_279,0.4
fcfp4_435,0.4
morgan_r3_1327,0.4
morgan_r3_1331,0.4
fcfp4_1742,0.4
fcfp4_1781,0.4
morgan_684,0.4
morgan_687,0.4
morgan_651,0.4
morgan_622,0.4
mordred_nBondsT,0.4
morgan_528,0.4
morgan_r3_460,0.4
morgan_1091,0.4
morgan_1105,0.4
morgan_1032,0.4
morgan_r3_626,0.4
morgan_r3_978,0.4
avalon_928,0.4
morgan_1620,0.4
fcfp4_1151,0.4
morgan_r3_1211,0.4
morgan_r3_518,0.4
fcfp4_1356,0.4
morgan_933,0.4
morgan_r3_456,0.4
morgan_r3_1893,0.4
fcfp4_1639,0.4
morgan_r3_542,0.4
fcfp4_1667,0.4
fcfp4_1708,0.4
morgan_1951,0.4
morgan_1863,0.4
morgan_r3_1005,0.4
morgan_r3_1932,0.4
morgan_r3_1933,0.4
morgan_r3_1948,0.4
morgan_r3_408,0.4
morgan_r3_419,0.4
morgan_r3_163,0.4
fcfp4_1336,0.4
morgan_r3_1184,0.4
morgan_r3_1984,0.4
morgan_1808,0.4
rdkit_fr_COO2,0.4
morgan_r3_1687,0.4
morgan_192,0.4
morgan_218,0.4
morgan_r3_746,0.4
morgan_r3_286,0.4
morgan_r3_296,0.4
morgan_r3_300,0.4
morgan_r3_1072,0.4
avalon_163,0.4
morgan_r3_753,0.4
morgan_r3_1634,0.4
morgan_r3_315,0.4
morgan_r3_1657,0.4
morgan_r3_1613,0.4
morgan_r3_769,0.4
mordred_nG12FRing,0.4
morgan_14,0.3333333333333333
morgan_r3_1617,0.3333333333333333
morgan_r3_1611,0.3333333333333333
morgan_r3_1671,0.3333333333333333
morgan_r3_1582,0.3333333333333333
morgan_r3_1631,0.3333333333333333
morgan_r3_756,0.3333333333333333
morgan_r3_755,0.3333333333333333
mordred_n8FARing,0.3333333333333333
morgan_r3_1034,0.3333333333333333
morgan_r3_576,0.3333333333333333
morgan_r3_295,0.3333333333333333
morgan_115,0.3333333333333333
morgan_r3_732,0.3333333333333333
morgan_219,0.3333333333333333
morgan_213,0.3333333333333333
fcfp4_1573,0.3333333333333333
morgan_1804,0.3333333333333333
morgan_r3_997,0.3333333333333333
morgan_r3_988,0.3333333333333333
morgan_r3_987,0.3333333333333333
avalon_692,0.3333333333333333
morgan_r3_1990,0.3333333333333333
morgan_743,0.3333333333333333
morgan_r3_858,0.3333333333333333
morgan_r3_854,0.3333333333333333
morgan_r3_1981,0.3333333333333333
morgan_r3_1974,0.3333333333333333
morgan_r3_1432,0.3333333333333333
morgan_r3_145,0.3333333333333333
morgan_r3_1389,0.3333333333333333
morgan_r3_2044,0.3333333333333333
morgan_r3_2037,0.3333333333333333
morgan_r3_2033,0.3333333333333333
morgan_r3_2029,0.3333333333333333
morgan_r3_2018,0.3333333333333333
morgan_r3_1403,0.3333333333333333
morgan_r3_1402,0.3333333333333333
morgan_r3_2001,0.3333333333333333
morgan_r3_1996,0.3333333333333333
fcfp4_1636,0.3333333333333333
avalon_669,0.3333333333333333
morgan_r3_1427,0.3333333333333333
morgan_r3_1418,0.3333333333333333
morgan_r3_1955,0.3333333333333333
morgan_r3_175,0.3333333333333333
morgan_r3_174,0.3333333333333333
morgan_r3_1943,0.3333333333333333
morgan_1923,0.3333333333333333
morgan_1898,0.3333333333333333
morgan_1953,0.3333333333333333
morgan_r3_1924,0.3333333333333333
morgan_r3_1923,0.3333333333333333
morgan_r3_1920,0.3333333333333333
morgan_r3_188,0.3333333333333333
morgan_r3_1469,0.3333333333333333
morgan_r3_1450,0.3333333333333333
morgan_r3_1913,0.3333333333333333
morgan_r3_1892,0.3333333333333333
morgan_r3_1888,0.3333333333333333
morgan_r3_1881,0.3333333333333333
morgan_r3_455,0.3333333333333333
fcfp4_101,0.3333333333333333
fcfp4_76,0.3333333333333333
morgan_908,0.3333333333333333
morgan_965,0.3333333333333333
morgan_949,0.3333333333333333
morgan_1005,0.3333333333333333
morgan_987,0.3333333333333333
fcfp4_54,0.3333333333333333
avalon_825,0.3333333333333333
avalon_867,0.3333333333333333
avalon_854,0.3333333333333333
rdkit_fr_priamide,0.3333333333333333
fcfp4_1254,0.3333333333333333
fcfp4_233,0.3333333333333333
morgan_1096,0.3333333333333333
morgan_r3_661,0.3333333333333333
morgan_r3_1379,0.3333333333333333
morgan_590,0.3333333333333333
morgan_701,0.3333333333333333
morgan_692,0.3333333333333333
morgan_r3_210,0.3333333333333333
avalon_562,0.3333333333333333
morgan_r3_1131,0.3333333333333333
morgan_r3_1129,0.3333333333333333
morgan_r3_1128,0.3333333333333333
fcfp4_1092,0.3333333333333333
morgan_r3_108,0.3333333333333333
fcfp4_358,0.3333333333333333
avalon_940,0.3333333333333333
morgan_r3_534,0.3333333333333333
fcfp4_1241,0.3333333333333333
fcfp4_1222,0.3333333333333333
fcfp4_1177,0.3333333333333333
morgan_1828,0.3333333333333333
morgan_r3_1020,0.3333333333333333
morgan_r3_1876,0.3333333333333333
morgan_r3_1479,0.3333333333333333
morgan_r3_398,0.3333333333333333
morgan_r3_1842,0.3333333333333333
morgan_r3_380,0.3333333333333333
avalon_403,0.3333333333333333
morgan_1181,0.3333333333333333
morgan_1275,0.3333333333333333
morgan_r3_622,0.3333333333333333
morgan_r3_958,0.3333333333333333
fcfp4_1096,0.3333333333333333
avalon_429,0.3333333333333333
avalon_506,0.3333333333333333
morgan_r3_1828,0.3333333333333333
morgan_r3_222,0.3333333333333333
morgan_419,0.3333333333333333
morgan_481,0.3333333333333333
morgan_r3_1821,0.3333333333333333
morgan_r3_1229,0.3333333333333333
morgan_r3_505,0.3333333333333333
erg_31,0.3333333333333333
fcfp4_1037,0.3333333333333333
morgan_r3_1256,0.3333333333333333
morgan_r3_1298,0.3333333333333333
morgan_r3_53,0.3333333333333333
morgan_r3_78,0.3333333333333333
morgan_r3_75,0.3333333333333333
morgan_r3_1808,0.3333333333333333
morgan_r3_1515,0.3333333333333333
morgan_r3_1511,0.3333333333333333
morgan_r3_245,0.3333333333333333
morgan_r3_1779,0.3333333333333333
morgan_r3_1768,0.3333333333333333
morgan_r3_356,0.3333333333333333
morgan_r3_1529,0.3333333333333333
morgan_1928,0.3333333333333333
morgan_r3_614,0.3333333333333333
morgan_r3_613,0.3333333333333333
morgan_2021,0.3333333333333333
morgan_2006,0.3333333333333333
morgan_1999,0.3333333333333333
avalon_408,0.3333333333333333
morgan_r3_730,0.3333333333333333
morgan_323,0.3333333333333333
morgan_r3_1753,0.3333333333333333
avalon_102,0.3333333333333333
morgan_1476,0.3333333333333333
morgan_1526,0.3333333333333333
morgan_1581,0.3333333333333333
morgan_r3_8,0.3333333333333333
morgan_r3_31,0.3333333333333333
fcfp4_723,0.3333333333333333
morgan_r3_471,0.3333333333333333
morgan_r3_470,0.3333333333333333
morgan_r3_1310,0.3333333333333333
morgan_r3_1303,0.3333333333333333
morgan_r3_1233,0.3333333333333333
morgan_r3_751,0.3333333333333333
morgan_r3_492,0.3333333333333333
morgan_r3_928,0.3333333333333333
morgan_r3_923,0.3333333333333333
morgan_1457,0.3333333333333333
morgan_1454,0.3333333333333333
morgan_1446,0.3333333333333333
morgan_r3_1047,0.3333333333333333
morgan_r3_595,0.3333333333333333
morgan_r3_1071,0.3333333333333333
morgan_r3_273,0.3333333333333333
morgan_r3_1700,0.3333333333333333
morgan_r3_337,0.3333333333333333
morgan_r3_1691,0.3333333333333333
morgan_r3_1612,0.26666666666666666
morgan_118,0.26666666666666666
morgan_r3_744,0.26666666666666666
morgan_r3_774,0.26666666666666666
morgan_38,0.26666666666666666
morgan_r3_759,0.26666666666666666
morgan_r3_1633,0.26666666666666666
morgan_r3_2045,0.26666666666666666
morgan_r3_2043,0.26666666666666666
morgan_r3_989,0.26666666666666666
rdkit_fr_ArN,0.26666666666666666
morgan_1847,0.26666666666666666
fcfp4_50,0.26666666666666666
morgan_r3_133,0.26666666666666666
morgan_r3_1010,0.26666666666666666
morgan_r3_1003,0.26666666666666666
morgan_r3_803,0.26666666666666666
morgan_r3_727,0.26666666666666666
morgan_r3_723,0.26666666666666666
morgan_r3_721,0.26666666666666666
morgan_r3_1590,0.26666666666666666
morgan_r3_1623,0.26666666666666666
morgan_r3_1619,0.26666666666666666
morgan_237,0.26666666666666666
morgan_r3_1659,0.26666666666666666
morgan_r3_1655,0.26666666666666666
morgan_r3_831,0.26666666666666666
morgan_r3_1272,0.26666666666666666
morgan_r3_1195,0.26666666666666666
fcfp4_1247,0.26666666666666666
fcfp4_1238,0.26666666666666666
fcfp4_1235,0.26666666666666666
morgan_r3_118,0.26666666666666666
morgan_r3_999,0.26666666666666666
morgan_r3_433,0.26666666666666666
morgan_r3_429,0.26666666666666666
morgan_r3_1404,0.26666666666666666
morgan_r3_1399,0.26666666666666666
morgan_r3_2036,0.26666666666666666
fcfp4_124,0.26666666666666666
morgan_1937,0.26666666666666666
morgan_1930,0.26666666666666666
morgan_1926,0.26666666666666666
morgan_1984,0.26666666666666666
morgan_r3_1677,0.26666666666666666
morgan_r3_1580,0.26666666666666666
morgan_r3_1585,0.26666666666666666
morgan_r3_349,0.26666666666666666
morgan_362,0.26666666666666666
morgan_381,0.26666666666666666
morgan_373,0.26666666666666666
morgan_r3_976,0.26666666666666666
morgan_r3_1417,0.26666666666666666
morgan_r3_1416,0.26666666666666666
fcfp4_135,0.26666666666666666
morgan_r3_127,0.26666666666666666
fcfp4_1309,0.26666666666666666
fcfp4_1275,0.26666666666666666
fcfp4_1252,0.26666666666666666
morgan_458,0.26666666666666666
morgan_r3_846,0.26666666666666666
morgan_r3_1362,0.26666666666666666
morgan_r3_962,0.26666666666666666
morgan_r3_954,0.26666666666666666
mordred_nCl,0.26666666666666666
morgan_r3_1394,0.26666666666666666
morgan_r3_158,0.26666666666666666
morgan_r3_1045,0.26666666666666666
avalon_192,0.26666666666666666
morgan_r3_1070,0.26666666666666666
morgan_r3_1975,0.26666666666666666
morgan_1542,0.26666666666666666
morgan_r3_1437,0.26666666666666666
fcfp4_345,0.26666666666666666
morgan_r3_1054,0.26666666666666666
morgan_r3_11,0.26666666666666666
morgan_r3_1729,0.26666666666666666
morgan_r3_706,0.26666666666666666
morgan_606,0.26666666666666666
fcfp4_808,0.26666666666666666
morgan_r3_1175,0.26666666666666666
avalon_272,0.26666666666666666
avalon_321,0.26666666666666666
morgan_r3_1084,0.26666666666666666
morgan_1400,0.26666666666666666
morgan_1510,0.26666666666666666
morgan_r3_172,0.26666666666666666
morgan_r3_169,0.26666666666666666
morgan_r3_1446,0.26666666666666666
fcfp4_746,0.26666666666666666
morgan_r3_1168,0.26666666666666666
morgan_r3_1156,0.26666666666666666
morgan_r3_1555,0.26666666666666666
morgan_r3_1290,0.26666666666666666
avalon_772,0.26666666666666666
fcfp4_1438,0.26666666666666666
fcfp4_1420,0.26666666666666666
fcfp4_1965,0.26666666666666666
avalon_361,0.26666666666666666
morgan_1367,0.26666666666666666
morgan_r3_933,0.26666666666666666
morgan_r3_925,0.26666666666666666
morgan_r3_920,0.26666666666666666
morgan_r3_1930,0.26666666666666666
avalon_698,0.26666666666666666
morgan_r3_252,0.26666666666666666
morgan_r3_1749,0.26666666666666666
morgan_645,0.26666666666666666
morgan_690,0.26666666666666666
morgan_r3_1762,0.26666666666666666
morgan_r3_1760,0.26666666666666666
morgan_r3_39,0.26666666666666666
morgan_r3_1886,0.26666666666666666
morgan_r3_1468,0.26666666666666666
morgan_r3_1466,0.26666666666666666
morgan_1158,0.26666666666666666
morgan_1195,0.26666666666666666
morgan_1184,0.26666666666666666
morgan_r3_913,0.26666666666666666
morgan_r3_911,0.26666666666666666
morgan_r3_898,0.26666666666666666
avalon_394,0.26666666666666666
fcfp4_1949,0.26666666666666666
morgan_r3_1103,0.26666666666666666
fcfp4_567,0.26666666666666666
morgan_r3_95,0.26666666666666666
morgan_753,0.26666666666666666
morgan_750,0.26666666666666666
morgan_800,0.26666666666666666
morgan_r3_860,0.26666666666666666
avalon_685,0.26666666666666666
fcfp4_1566,0.26666666666666666
morgan_r3_1854,0.26666666666666666
morgan_r3_1844,0.26666666666666666
morgan_r3_676,0.26666666666666666
morgan_r3_668,0.26666666666666666
morgan_r3_884,0.26666666666666666
morgan_1148,0.26666666666666666
morgan_1143,0.26666666666666666
fcfp4_1837,0.26666666666666666
fcfp4_1632,0.26666666666666666
morgan_r3_240,0.26666666666666666
morgan_r3_239,0.26666666666666666
morgan_r3_1790,0.26666666666666666
morgan_835,0.26666666666666666
morgan_831,0.26666666666666666
morgan_854,0.26666666666666666
morgan_r3_1522,0.26666666666666666
morgan_r3_1521,0.26666666666666666
morgan_715,0.26666666666666666
morgan_781,0.26666666666666666
morgan_767,0.26666666666666666
morgan_885,0.26666666666666666
morgan_947,0.26666666666666666
morgan_r3_1826,0.26666666666666666
morgan_r3_232,0.26666666666666666
fcfp4_627,0.26666666666666666
morgan_r3_73,0.26666666666666666
fcfp4_1652,0.26666666666666666
morgan_r3_549,0.26666666666666666
fcfp4_1786,0.26666666666666666
fcfp4_1778,0.26666666666666666
avalon_585,0.26666666666666666
morgan_994,0.26666666666666666
morgan_992,0.26666666666666666
morgan_1048,0.26666666666666666
morgan_1047,0.26666666666666666
morgan_1035,0.26666666666666666
morgan_1118,0.26666666666666666
morgan_1109,0.26666666666666666
morgan_r3_1315,0.26666666666666666
morgan_r3_1127,0.26666666666666666
morgan_r3_691,0.26666666666666666
morgan_r3_373,0.26666666666666666
morgan_r3_1499,0.26666666666666666
morgan_r3_1231,0.26666666666666666
erg_71,0.26666666666666666
morgan_107,0.26666666666666666
morgan_87,0.26666666666666666
morgan_62,0.26666666666666666
erg_297,0.26666666666666666
fcfp4_932,0.26666666666666666
morgan_r3_7,0.26666666666666666
morgan_r3_1216,0.26666666666666666
morgan_r3_1208,0.26666666666666666
morgan_r3_1207,0.26666666666666666
morgan_r3_1259,0.26666666666666666
morgan_r3_1255,0.26666666666666666
morgan_r3_1248,0.26666666666666666
morgan_r3_749,0.2
morgan_r3_1254,0.2
erg_148,0.2
avalon_962,0.2
fcfp4_987,0.2
erg_201,0.2
morgan_r3_317,0.2
morgan_r3_2047,0.2
morgan_r3_428,0.2
morgan_r3_750,0.2
mordred_n10FaHRing,0.2
morgan_13,0.2
morgan_r3_1239,0.2
fcfp4_1072,0.2
fcfp4_1098,0.2
morgan_r3_1240,0.2
morgan_r3_1630,0.2
morgan_r3_748,0.2
morgan_898,0.2
morgan_r3_1507,0.2
morgan_r3_1512,0.2
morgan_r3_1516,0.2
morgan_r3_1834,0.2
morgan_r3_1489,0.2
morgan_r3_879,0.2
morgan_920,0.2
morgan_927,0.2
morgan_930,0.2
morgan_r3_1809,0.2
morgan_r3_1121,0.2
fcfp4_1743,0.2
morgan_r3_472,0.2
morgan_1050,0.2
morgan_1070,0.2
morgan_1013,0.2
morgan_r3_550,0.2
morgan_r3_1141,0.2
fcfp4_1712,0.2
avalon_619,0.2
morgan_r3_76,0.2
fcfp4_596,0.2
morgan_r3_1829,0.2
morgan_934,0.2
morgan_757,0.2
morgan_878,0.2
morgan_r3_1777,0.2
morgan_r3_234,0.2
fcfp4_1816,0.2
avalon_497,0.2
fcfp4_1826,0.2
morgan_r3_562,0.2
morgan_r3_568,0.2
morgan_r3_569,0.2
morgan_r3_208,0.2
morgan_1142,0.2
fcfp4_1543,0.2
fcfp4_1588,0.2
fcfp4_1612,0.2
fcfp4_1619,0.2
morgan_r3_47,0.2
morgan_r3_1293,0.2
morgan_r3_1306,0.2
morgan_783,0.2
morgan_r3_682,0.2
morgan_799,0.2
fcfp4_565,0.2
morgan_r3_64,0.2
morgan_r3_65,0.2
morgan_r3_1332,0.2
morgan_r3_1341,0.2
morgan_r3_1342,0.2
morgan_r3_83,0.2
morgan_r3_894,0.2
morgan_r3_899,0.2
morgan_r3_912,0.2
morgan_1249,0.2
morgan_1126,0.2
morgan_r3_206,0.2
morgan_r3_393,0.2
morgan_r3_189,0.2
morgan_1313,0.2
morgan_1257,0.2
morgan_1231,0.2
morgan_r3_33,0.2
morgan_720,0.2
morgan_r3_1539,0.2
morgan_r3_1544,0.2
morgan_r3_1772,0.2
morgan_725,0.2
morgan_711,0.2
morgan_666,0.2
morgan_r3_1895,0.2
morgan_r3_1903,0.2
morgan_r3_1907,0.2
morgan_r3_1916,0.2
morgan_r3_918,0.2
morgan_r3_927,0.2
morgan_r3_582,0.2
morgan_r3_583,0.2
fcfp4_373,0.2
morgan_r3_1275,0.2
morgan_r3_1282,0.2
morgan_r3_254,0.2
morgan_609,0.2
morgan_611,0.2
morgan_623,0.2
morgan_591,0.2
morgan_r3_1556,0.2
fcfp4_377,0.2
fcfp4_385,0.2
fcfp4_465,0.2
fcfp4_476,0.2
fcfp4_477,0.2
morgan_r3_1445,0.2
morgan_r3_165,0.2
morgan_1440,0.2
morgan_602,0.2
morgan_558,0.2
morgan_562,0.2
morgan_r3_1721,0.2
morgan_r3_270,0.2
morgan_r3_276,0.2
fcfp4_814,0.2
morgan_r3_16,0.2
morgan_r3_23,0.2
avalon_851,0.2
avalon_277,0.2
morgan_r3_1055,0.2
morgan_r3_1062,0.2
fcfp4_314,0.2
fcfp4_321,0.2
morgan_r3_1961,0.2
morgan_1575,0.2
morgan_1511,0.2
morgan_1521,0.2
morgan_r3_653,0.2
morgan_r3_658,0.2
morgan_r3_946,0.2
morgan_r3_412,0.2
morgan_r3_416,0.2
morgan_r3_1982,0.2
morgan_r3_1983,0.2
morgan_1655,0.2
morgan_r3_1949,0.2
morgan_r3_1420,0.2
morgan_r3_106,0.2
avalon_244,0.2
avalon_141,0.2
morgan_r3_1036,0.2
avalon_98,0.2
avalon_101,0.2
avalon_56,0.2
avalon_66,0.2
morgan_r3_2007,0.2
morgan_1691,0.2
mordred_nBr,0.2
morgan_r3_953,0.2
morgan_r3_957,0.2
morgan_2034,0.2
morgan_r3_1360,0.2
morgan_r3_287,0.2
morgan_r3_297,0.2
morgan_r3_838,0.2
morgan_524,0.2
morgan_484,0.2
morgan_485,0.2
morgan_460,0.2
morgan_r3_1698,0.2
avalon_892,0.2
fcfp4_1330,0.2
fcfp4_1337,0.2
morgan_r3_125,0.2
fcfp4_134,0.2
morgan_2017,0.2
rdkit_fr_sulfide,0.2
morgan_r3_969,0.2
morgan_r3_973,0.2
rdkit_fr_sulfonamd,0.2
rdkit_fr_sulfone,0.2
morgan_1706,0.2
morgan_r3_615,0.2
morgan_r3_1022,0.2
morgan_350,0.2
morgan_r3_351,0.2
morgan_r3_1569,0.2
morgan_r3_338,0.2
morgan_409,0.2
morgan_412,0.2
morgan_426,0.2
morgan_451,0.2
morgan_r3_1669,0.2
morgan_r3_1024,0.2
morgan_r3_1025,0.2
morgan_r3_1031,0.2
morgan_1989,0.2
morgan_1779,0.2
rdkit_fr_ketone_Topliss,0.2
morgan_1742,0.2
rdkit_fr_oxazole,0.2
morgan_r3_1401,0.2
morgan_r3_1409,0.2
morgan_r3_430,0.2
morgan_r3_440,0.2
morgan_1811,0.2
rdkit_fr_allylic_oxid,0.2
morgan_1766,0.2
morgan_r3_2017,0.2
morgan_r3_2020,0.2
morgan_r3_2023,0.2
morgan_r3_2024,0.2
morgan_r3_1377,0.2
fcfp4_1216,0.2
morgan_r3_531,0.2
fcfp4_894,0.2
morgan_r3_496,0.2
morgan_r3_498,0.2
morgan_r3_1263,0.2
morgan_r3_1267,0.2
morgan_r3_298,0.2
morgan_r3_823,0.2
morgan_r3_824,0.2
morgan_r3_342,0.2
morgan_265,0.2
morgan_291,0.2
morgan_r3_1663,0.2
morgan_r3_311,0.2
fcfp4_1024,0.2
morgan_1959,0.2
morgan_1861,0.2
morgan_r3_1016,0.2
morgan_r3_606,0.2
fcfp4_79,0.2
morgan_1852,0.2
morgan_1854,0.2
morgan_r3_1651,0.2
morgan_252,0.2
morgan_162,0.2
morgan_147,0.2
morgan_r3_796,0.2
morgan_3,0.2
morgan_34,0.2
morgan_r3_771,0.13333333333333333
morgan_r3_1601,0.13333333333333333
morgan_r3_793,0.13333333333333333
morgan_r3_783,0.13333333333333333
morgan_r3_735,0.13333333333333333
morgan_158,0.13333333333333333
morgan_206,0.13333333333333333
morgan_r3_1653,0.13333333333333333
morgan_r3_1232,0.13333333333333333
mordred_nG12FAHRing,0.13333333333333333
morgan_60,0.13333333333333333
morgan_r3_1615,0.13333333333333333
morgan_r3_990,0.13333333333333333
morgan_r3_817,0.13333333333333333
morgan_297,0.13333333333333333
morgan_r3_309,0.13333333333333333
morgan_r3_313,0.13333333333333333
morgan_r3_316,0.13333333333333333
fcfp4_1210,0.13333333333333333
fcfp4_1251,0.13333333333333333
morgan_r3_1193,0.13333333333333333
morgan_r3_1688,0.13333333333333333
morgan_r3_1690,0.13333333333333333
morgan_394,0.13333333333333333
morgan_360,0.13333333333333333
morgan_r3_346,0.13333333333333333
morgan_r3_1558,0.13333333333333333
morgan_r3_1575,0.13333333333333333
morgan_r3_1704,0.13333333333333333
morgan_r3_979,0.13333333333333333
rdkit_fr_tetrazole,0.13333333333333333
rdkit_fr_unbrch_alkane,0.13333333333333333
morgan_1700,0.13333333333333333
morgan_1727,0.13333333333333333
morgan_r3_1997,0.13333333333333333
morgan_r3_1023,0.13333333333333333
rdkit_SMR_VSA2,0.13333333333333333
morgan_r3_457,0.13333333333333333
morgan_r3_1373,0.13333333333333333
morgan_r3_1375,0.13333333333333333
morgan_r3_2035,0.13333333333333333
morgan_r3_2038,0.13333333333333333
morgan_r3_2041,0.13333333333333333
morgan_1784,0.13333333333333333
morgan_1790,0.13333333333333333
morgan_2028,0.13333333333333333
morgan_r3_161,0.13333333333333333
morgan_r3_2002,0.13333333333333333
morgan_r3_2006,0.13333333333333333
mordred_nF,0.13333333333333333
morgan_r3_960,0.13333333333333333
morgan_1630,0.13333333333333333
fcfp4_260,0.13333333333333333
morgan_r3_123,0.13333333333333333
fcfp4_189,0.13333333333333333
fcfp4_198,0.13333333333333333
fcfp4_216,0.13333333333333333
morgan_2013,0.13333333333333333
morgan_r3_609,0.13333333333333333
morgan_r3_611,0.13333333333333333
morgan_r3_640,0.13333333333333333
morgan_r3_944,0.13333333333333333
morgan_r3_413,0.13333333333333333
morgan_r3_1976,0.13333333333333333
morgan_r3_1986,0.13333333333333333
morgan_r3_1995,0.13333333333333333
morgan_1631,0.13333333333333333
morgan_1646,0.13333333333333333
morgan_1590,0.13333333333333333
morgan_1598,0.13333333333333333
morgan_r3_176,0.13333333333333333
morgan_r3_1950,0.13333333333333333
morgan_r3_1434,0.13333333333333333
avalon_233,0.13333333333333333
avalon_143,0.13333333333333333
morgan_r3_1041,0.13333333333333333
morgan_2026,0.13333333333333333
morgan_1459,0.13333333333333333
morgan_1468,0.13333333333333333
morgan_1413,0.13333333333333333
morgan_1418,0.13333333333333333
morgan_1423,0.13333333333333333
morgan_1409,0.13333333333333333
morgan_r3_194,0.13333333333333333
avalon_326,0.13333333333333333
morgan_r3_1067,0.13333333333333333
fcfp4_341,0.13333333333333333
fcfp4_349,0.13333333333333333
morgan_r3_103,0.13333333333333333
morgan_r3_105,0.13333333333333333
morgan_1516,0.13333333333333333
morgan_r3_648,0.13333333333333333
morgan_r3_651,0.13333333333333333
morgan_r3_1914,0.13333333333333333
morgan_r3_1926,0.13333333333333333
morgan_r3_164,0.13333333333333333
morgan_r3_915,0.13333333333333333
morgan_r3_642,0.13333333333333333
morgan_r3_645,0.13333333333333333
morgan_r3_646,0.13333333333333333
morgan_1294,0.13333333333333333
morgan_r3_1456,0.13333333333333333
avalon_363,0.13333333333333333
morgan_r3_1079,0.13333333333333333
morgan_r3_1081,0.13333333333333333
fcfp4_366,0.13333333333333333
fcfp4_399,0.13333333333333333
fcfp4_418,0.13333333333333333
morgan_r3_1449,0.13333333333333333
morgan_r3_889,0.13333333333333333
morgan_r3_1839,0.13333333333333333
morgan_r3_1849,0.13333333333333333
morgan_r3_1851,0.13333333333333333
fcfp4_577,0.13333333333333333
morgan_r3_1095,0.13333333333333333
fcfp4_489,0.13333333333333333
morgan_r3_84,0.13333333333333333
morgan_r3_1453,0.13333333333333333
morgan_r3_906,0.13333333333333333
morgan_1255,0.13333333333333333
morgan_1159,0.13333333333333333
morgan_r3_395,0.13333333333333333
morgan_r3_182,0.13333333333333333
morgan_1270,0.13333333333333333
morgan_r3_1909,0.13333333333333333
morgan_r3_1317,0.13333333333333333
morgan_r3_399,0.13333333333333333
morgan_r3_404,0.13333333333333333
morgan_1120,0.13333333333333333
morgan_1056,0.13333333333333333
morgan_1062,0.13333333333333333
morgan_978,0.13333333333333333
fcfp4_1788,0.13333333333333333
fcfp4_1797,0.13333333333333333
fcfp4_1836,0.13333333333333333
morgan_r3_1108,0.13333333333333333
morgan_r3_1118,0.13333333333333333
morgan_r3_93,0.13333333333333333
morgan_r3_212,0.13333333333333333
morgan_1147,0.13333333333333333
morgan_r3_885,0.13333333333333333
morgan_r3_386,0.13333333333333333
morgan_r3_690,0.13333333333333333
morgan_r3_872,0.13333333333333333
morgan_r3_873,0.13333333333333333
morgan_r3_877,0.13333333333333333
morgan_r3_219,0.13333333333333333
fcfp4_708,0.13333333333333333
morgan_r3_46,0.13333333333333333
fcfp4_1721,0.13333333333333333
morgan_r3_1122,0.13333333333333333
morgan_r3_1133,0.13333333333333333
morgan_r3_1134,0.13333333333333333
fcfp4_1731,0.13333333333333333
morgan_r3_476,0.13333333333333333
morgan_r3_479,0.13333333333333333
morgan_r3_482,0.13333333333333333
morgan_813,0.13333333333333333
morgan_832,0.13333333333333333
morgan_r3_1775,0.13333333333333333
morgan_r3_1782,0.13333333333333333
morgan_r3_243,0.13333333333333333
fcfp4_1635,0.13333333333333333
morgan_r3_547,0.13333333333333333
fcfp4_1653,0.13333333333333333
fcfp4_1715,0.13333333333333333
fcfp4_678,0.13333333333333333
morgan_r3_226,0.13333333333333333
morgan_r3_1827,0.13333333333333333
morgan_r3_1833,0.13333333333333333
morgan_892,0.13333333333333333
morgan_r3_1797,0.13333333333333333
morgan_r3_382,0.13333333333333333
morgan_r3_38,0.13333333333333333
morgan_r3_42,0.13333333333333333
morgan_728,0.13333333333333333
morgan_661,0.13333333333333333
morgan_r3_1756,0.13333333333333333
avalon_733,0.13333333333333333
fcfp4_1607,0.13333333333333333
morgan_r3_50,0.13333333333333333
morgan_r3_51,0.13333333333333333
morgan_r3_1294,0.13333333333333333
morgan_r3_467,0.13333333333333333
morgan_r3_853,0.13333333333333333
morgan_r3_856,0.13333333333333333
morgan_r3_865,0.13333333333333333
morgan_r3_683,0.13333333333333333
morgan_754,0.13333333333333333
morgan_r3_261,0.13333333333333333
morgan_r3_1757,0.13333333333333333
morgan_579,0.13333333333333333
morgan_r3_363,0.13333333333333333
morgan_r3_1548,0.13333333333333333
morgan_r3_1552,0.13333333333333333
morgan_r3_1737,0.13333333333333333
fcfp4_777,0.13333333333333333
morgan_r3_1153,0.13333333333333333
morgan_r3_1158,0.13333333333333333
morgan_r3_1159,0.13333333333333333
morgan_r3_1170,0.13333333333333333
fcfp4_1504,0.13333333333333333
morgan_r3_62,0.13333333333333333
fcfp4_725,0.13333333333333333
fcfp4_735,0.13333333333333333
morgan_r3_1190,0.13333333333333333
morgan_r3_521,0.13333333333333333
morgan_r3_702,0.13333333333333333
morgan_r3_707,0.13333333333333333
morgan_r3_1710,0.13333333333333333
morgan_r3_1712,0.13333333333333333
morgan_r3_1719,0.13333333333333333
morgan_r3_272,0.13333333333333333
morgan_r3_1727,0.13333333333333333
morgan_r3_25,0.13333333333333333
fcfp4_1411,0.13333333333333333
fcfp4_1442,0.13333333333333333
morgan_r3_1284,0.13333333333333333
morgan_r3_1287,0.13333333333333333
morgan_r3_253,0.13333333333333333
morgan_r3_257,0.13333333333333333
mordred_NddssS,0.13333333333333333
morgan_r3_293,0.13333333333333333
morgan_r3_1735,0.13333333333333333
morgan_r3_845,0.13333333333333333
morgan_r3_849,0.13333333333333333
morgan_r3_850,0.13333333333333333
morgan_575,0.13333333333333333
morgan_501,0.13333333333333333
morgan_470,0.13333333333333333
mordred_NsNH2,0.13333333333333333
fcfp4_1273,0.13333333333333333
fcfp4_1286,0.13333333333333333
fcfp4_1305,0.13333333333333333
avalon_919,0.13333333333333333
fcfp4_1324,0.13333333333333333
morgan_r3_1183,0.13333333333333333
morgan_r3_983,0.13333333333333333
morgan_142,0.13333333333333333
morgan_r3_1616,0.13333333333333333
morgan_r3_501,0.13333333333333333
morgan_r3_3,0.13333333333333333
morgan_r3_1654,0.13333333333333333
morgan_r3_345,0.13333333333333333
morgan_312,0.13333333333333333
morgan_313,0.13333333333333333
morgan_272,0.13333333333333333
morgan_227,0.13333333333333333
morgan_241,0.13333333333333333
morgan_r3_1588,0.13333333333333333
morgan_r3_1667,0.13333333333333333
mordred_Lipinski,0.13333333333333333
morgan_r3_728,0.13333333333333333
rdkit_fr_nitrile,0.13333333333333333
morgan_1746,0.13333333333333333
morgan_r3_1386,0.13333333333333333
morgan_r3_1390,0.13333333333333333
morgan_r3_1000,0.13333333333333333
morgan_1769,0.13333333333333333
morgan_1921,0.13333333333333333
morgan_1859,0.13333333333333333
morgan_1862,0.13333333333333333
morgan_r3_1014,0.13333333333333333
morgan_r3_1018,0.13333333333333333
morgan_r3_605,0.13333333333333333
morgan_1839,0.13333333333333333
morgan_1842,0.13333333333333333
fcfp4_42,0.13333333333333333
morgan_1851,0.13333333333333333
morgan_93,0.06666666666666667
morgan_95,0.06666666666666667
morgan_104,0.06666666666666667
mordred_n4HRing,0.06666666666666667
morgan_4,0.06666666666666667
morgan_251,0.06666666666666667
morgan_202,0.06666666666666667
morgan_203,0.06666666666666667
morgan_204,0.06666666666666667
morgan_r3_1262,0.06666666666666667
fcfp4_1041,0.06666666666666667
fcfp4_1056,0.06666666666666667
morgan_r3_719,0.06666666666666667
morgan_121,0.06666666666666667
morgan_161,0.06666666666666667
morgan_165,0.06666666666666667
morgan_r3_738,0.06666666666666667
morgan_r3_742,0.06666666666666667
morgan_245,0.06666666666666667
morgan_246,0.06666666666666667
morgan_r3_1218,0.06666666666666667
morgan_r3_4,0.06666666666666667
fcfp4_952,0.06666666666666667
fcfp4_983,0.06666666666666667
fcfp4_1103,0.06666666666666667
avalon_991,0.06666666666666667
morgan_r3_320,0.06666666666666667
morgan_r3_330,0.06666666666666667
morgan_r3_336,0.06666666666666667
morgan_r3_1622,0.06666666666666667
morgan_r3_1629,0.06666666666666667
morgan_r3_1635,0.06666666666666667
morgan_r3_1636,0.06666666666666667
morgan_295,0.06666666666666667
morgan_296,0.06666666666666667
morgan_r3_814,0.06666666666666667
morgan_r3_525,0.06666666666666667
morgan_r3_529,0.06666666666666667
fcfp4_862,0.06666666666666667
morgan_r3_491,0.06666666666666667
morgan_r3_493,0.06666666666666667
morgan_r3_495,0.06666666666666667
fcfp4_1150,0.06666666666666667
morgan_r3_1206,0.06666666666666667
morgan_r3_1212,0.06666666666666667
morgan_r3_1214,0.06666666666666667
morgan_r3_1656,0.06666666666666667
morgan_r3_1658,0.06666666666666667
morgan_r3_1662,0.06666666666666667
morgan_317,0.06666666666666667
morgan_334,0.06666666666666667
morgan_r3_347,0.06666666666666667
morgan_r3_350,0.06666666666666667
morgan_r3_1584,0.06666666666666667
morgan_r3_1668,0.06666666666666667
morgan_r3_1694,0.06666666666666667
morgan_r3_819,0.06666666666666667
morgan_r3_825,0.06666666666666667
morgan_r3_826,0.06666666666666667
morgan_r3_827,0.06666666666666667
avalon_936,0.06666666666666667
fcfp4_1285,0.06666666666666667
fcfp4_1307,0.06666666666666667
avalon_931,0.06666666666666667
fcfp4_1015,0.06666666666666667
fcfp4_1214,0.06666666666666667
morgan_r3_832,0.06666666666666667
morgan_401,0.06666666666666667
morgan_404,0.06666666666666667
morgan_408,0.06666666666666667
fcfp4_795,0.06666666666666667
fcfp4_823,0.06666666666666667
morgan_r3_27,0.06666666666666667
fcfp4_1365,0.06666666666666667
morgan_r3_1264,0.06666666666666667
morgan_r3_1674,0.06666666666666667
morgan_r3_1679,0.06666666666666667
morgan_r3_288,0.06666666666666667
mordred_NaaNH,0.06666666666666667
morgan_r3_1566,0.06666666666666667
morgan_544,0.06666666666666667
morgan_491,0.06666666666666667
morgan_503,0.06666666666666667
morgan_504,0.06666666666666667
morgan_461,0.06666666666666667
morgan_472,0.06666666666666667
morgan_r3_285,0.06666666666666667
morgan_r3_709,0.06666666666666667
morgan_r3_710,0.06666666666666667
morgan_r3_837,0.06666666666666667
fcfp4_766,0.06666666666666667
morgan_r3_1283,0.06666666666666667
fcfp4_790,0.06666666666666667
morgan_r3_842,0.06666666666666667
morgan_r3_844,0.06666666666666667
morgan_r3_848,0.06666666666666667
morgan_569,0.06666666666666667
morgan_511,0.06666666666666667
morgan_r3_1547,0.06666666666666667
morgan_592,0.06666666666666667
morgan_r3_1173,0.06666666666666667
fcfp4_1502,0.06666666666666667
fcfp4_728,0.06666666666666667
fcfp4_1368,0.06666666666666667
avalon_824,0.06666666666666667
fcfp4_1413,0.06666666666666667
avalon_795,0.06666666666666667
morgan_600,0.06666666666666667
morgan_624,0.06666666666666667
morgan_r3_359,0.06666666666666667
morgan_r3_365,0.06666666666666667
morgan_704,0.06666666666666667
morgan_678,0.06666666666666667
morgan_r3_1739,0.06666666666666667
morgan_r3_1744,0.06666666666666667
morgan_r3_1751,0.06666666666666667
morgan_r3_1752,0.06666666666666667
morgan_r3_258,0.06666666666666667
avalon_682,0.06666666666666667
avalon_686,0.06666666666666667
morgan_r3_55,0.06666666666666667
morgan_r3_1304,0.06666666666666667
morgan_r3_1288,0.06666666666666667
morgan_r3_1165,0.06666666666666667
morgan_r3_1166,0.06666666666666667
morgan_r3_1531,0.06666666666666667
morgan_r3_1533,0.06666666666666667
morgan_r3_1540,0.06666666666666667
morgan_r3_355,0.06666666666666667
morgan_r3_1787,0.06666666666666667
morgan_r3_238,0.06666666666666667
morgan_r3_247,0.06666666666666667
morgan_r3_1147,0.06666666666666667
morgan_r3_1148,0.06666666666666667
fcfp4_1657,0.06666666666666667
morgan_r3_859,0.06666666666666667
morgan_r3_868,0.06666666666666667
morgan_795,0.06666666666666667
morgan_r3_1802,0.06666666666666667
morgan_876,0.06666666666666667
morgan_828,0.06666666666666667
morgan_r3_1781,0.06666666666666667
morgan_r3_1785,0.06666666666666667
morgan_884,0.06666666666666667
morgan_906,0.06666666666666667
morgan_909,0.06666666666666667
morgan_911,0.06666666666666667
morgan_915,0.06666666666666667
morgan_r3_1793,0.06666666666666667
morgan_r3_1505,0.06666666666666667
morgan_r3_1524,0.06666666666666667
morgan_r3_880,0.06666666666666667
avalon_608,0.06666666666666667
avalon_604,0.06666666666666667
morgan_r3_72,0.06666666666666667
morgan_r3_1311,0.06666666666666667
morgan_r3_56,0.06666666666666667
morgan_r3_58,0.06666666666666667
morgan_r3_1822,0.06666666666666667
morgan_r3_220,0.06666666666666667
morgan_r3_1830,0.06666666666666667
morgan_940,0.06666666666666667
morgan_967,0.06666666666666667
morgan_976,0.06666666666666667
morgan_r3_685,0.06666666666666667
morgan_r3_1835,0.06666666666666667
morgan_r3_1486,0.06666666666666667
fcfp4_1747,0.06666666666666667
morgan_r3_66,0.06666666666666667
morgan_r3_474,0.06666666666666667
fcfp4_1689,0.06666666666666667
fcfp4_1690,0.06666666666666667
fcfp4_1697,0.06666666666666667
morgan_r3_1488,0.06666666666666667
morgan_r3_375,0.06666666666666667
morgan_r3_1495,0.06666666666666667
morgan_r3_1498,0.06666666666666667
morgan_r3_406,0.06666666666666667
morgan_r3_1475,0.06666666666666667
morgan_1071,0.06666666666666667
fcfp4_1756,0.06666666666666667
fcfp4_1838,0.06666666666666667
morgan_r3_1130,0.06666666666666667
morgan_1025,0.06666666666666667
morgan_993,0.06666666666666667
morgan_960,0.06666666666666667
morgan_r3_214,0.06666666666666667
morgan_r3_1882,0.06666666666666667
morgan_r3_887,0.06666666666666667
morgan_r3_891,0.06666666666666667
morgan_r3_1863,0.06666666666666667
morgan_r3_1864,0.06666666666666667
morgan_r3_400,0.06666666666666667
morgan_r3_401,0.06666666666666667
morgan_r3_1877,0.06666666666666667
morgan_r3_199,0.06666666666666667
morgan_r3_200,0.06666666666666667
morgan_r3_209,0.06666666666666667
morgan_r3_1902,0.06666666666666667
morgan_r3_903,0.06666666666666667
fcfp4_509,0.06666666666666667
fcfp4_517,0.06666666666666667
fcfp4_543,0.06666666666666667
fcfp4_553,0.06666666666666667
morgan_r3_1319,0.06666666666666667
morgan_r3_1323,0.06666666666666667
morgan_r3_909,0.06666666666666667
morgan_r3_910,0.06666666666666667
morgan_1245,0.06666666666666667
morgan_1175,0.06666666666666667
morgan_1267,0.06666666666666667
morgan_1273,0.06666666666666667
morgan_r3_557,0.06666666666666667
morgan_r3_558,0.06666666666666667
morgan_r3_559,0.06666666666666667
fcfp4_1948,0.06666666666666667
morgan_r3_1324,0.06666666666666667
morgan_r3_1328,0.06666666666666667
morgan_r3_1106,0.06666666666666667
morgan_r3_1116,0.06666666666666667
fcfp4_1843,0.06666666666666667
fcfp4_1858,0.06666666666666667
morgan_1289,0.06666666666666667
morgan_r3_919,0.06666666666666667
morgan_r3_930,0.06666666666666667
morgan_1362,0.06666666666666667
morgan_r3_1458,0.06666666666666667
morgan_r3_1459,0.06666666666666667
morgan_r3_1462,0.06666666666666667
morgan_r3_1472,0.06666666666666667
morgan_r3_396,0.06666666666666667
morgan_r3_183,0.06666666666666667
morgan_1317,0.06666666666666667
morgan_1342,0.06666666666666667
morgan_1344,0.06666666666666667
morgan_1351,0.06666666666666667
morgan_r3_1076,0.06666666666666667
morgan_r3_111,0.06666666666666667
fcfp4_380,0.06666666666666667
avalon_419,0.06666666666666667
morgan_r3_1086,0.06666666666666667
morgan_r3_1918,0.06666666666666667
morgan_r3_1936,0.06666666666666667
morgan_r3_1940,0.06666666666666667
morgan_r3_1941,0.06666666666666667
morgan_r3_1944,0.06666666666666667
morgan_r3_409,0.06666666666666667
morgan_1453,0.06666666666666667
morgan_1417,0.06666666666666667
morgan_1422,0.06666666666666667
morgan_r3_1058,0.06666666666666667
morgan_r3_1061,0.06666666666666667
fcfp4_334,0.06666666666666667
fcfp4_343,0.06666666666666667
morgan_r3_1329,0.06666666666666667
morgan_r3_1336,0.06666666666666667
morgan_r3_1347,0.06666666666666667
morgan_1434,0.06666666666666667
morgan_1403,0.06666666666666667
morgan_r3_937,0.06666666666666667
morgan_r3_943,0.06666666666666667
morgan_r3_574,0.06666666666666667
morgan_r3_1037,0.06666666666666667
morgan_r3_596,0.06666666666666667
avalon_74,0.06666666666666667
morgan_r3_1085,0.06666666666666667
morgan_r3_421,0.06666666666666667
morgan_r3_424,0.06666666666666667
morgan_r3_1444,0.06666666666666667
morgan_r3_166,0.06666666666666667
morgan_r3_167,0.06666666666666667
morgan_r3_1962,0.06666666666666667
morgan_1574,0.06666666666666667
morgan_1524,0.06666666666666667
morgan_r3_647,0.06666666666666667
morgan_r3_649,0.06666666666666667
morgan_1599,0.06666666666666667
morgan_1612,0.06666666666666667
morgan_1623,0.06666666666666667
morgan_r3_1356,0.06666666666666667
morgan_r3_99,0.06666666666666667
morgan_r3_570,0.06666666666666667
morgan_r3_1423,0.06666666666666667
morgan_r3_1426,0.06666666666666667
morgan_r3_1435,0.06666666666666667
morgan_r3_966,0.06666666666666667
morgan_r3_625,0.06666666666666667
morgan_r3_1971,0.06666666666666667
morgan_r3_1973,0.06666666666666667
morgan_r3_1979,0.06666666666666667
morgan_r3_1992,0.06666666666666667
morgan_1669,0.06666666666666667
morgan_1682,0.06666666666666667
morgan_2018,0.06666666666666667
morgan_r3_608,0.06666666666666667
morgan_r3_1033,0.06666666666666667
morgan_1963,0.06666666666666667
fcfp4_246,0.06666666666666667
morgan_r3_150,0.06666666666666667
morgan_r3_151,0.06666666666666667
morgan_r3_948,0.06666666666666667
morgan_r3_2011,0.06666666666666667
morgan_r3_2015,0.06666666666666667
morgan_r3_971,0.06666666666666667
morgan_1701,0.06666666666666667
morgan_1714,0.06666666666666667
morgan_1718,0.06666666666666667
morgan_1719,0.06666666666666667
fcfp4_105,0.06666666666666667
morgan_r3_458,0.06666666666666667
morgan_r3_462,0.06666666666666667
morgan_r3_1372,0.06666666666666667
fcfp4_136,0.06666666666666667
rdkit_fr_nitro_arom,0.06666666666666667
morgan_r3_1397,0.06666666666666667
morgan_r3_1398,0.06666666666666667
morgan_r3_2008,0.06666666666666667
morgan_1803,0.06666666666666667
rdkit_fr_aldehyde,0.06666666666666667
rdkit_fr_alkyl_halide,0.06666666666666667
morgan_1771,0.06666666666666667
morgan_r3_2019,0.06666666666666667
morgan_r3_2030,0.06666666666666667
morgan_r3_2032,0.06666666666666667
morgan_r3_2042,0.06666666666666667
rdkit_fr_Al_COO,0.06666666666666667
morgan_1860,0.06666666666666667
morgan_1879,0.06666666666666667
morgan_1884,0.06666666666666667
morgan_r3_1002,0.06666666666666667
morgan_1971,0.06666666666666667
morgan_1986,0.06666666666666667
morgan_r3_442,0.06666666666666667
morgan_r3_1388,0.06666666666666667
rdkit_fr_Ar_COO,0.06666666666666667
morgan_1797,0.06666666666666667
morgan_r3_607,0.06666666666666667
morgan_1888,0.06666666666666667
morgan_r3_129,0.06666666666666667
morgan_r3_131,0.06666666666666667
morgan_r3_132,0.06666666666666667
morgan_r3_136,0.06666666666666667
morgan_r3_138,0.06666666666666667
fcfp4_88,0.06666666666666667
morgan_1908,0.06666666666666667
morgan_1920,0.06666666666666667
morgan_110,0.06666666666666667
mordred_nG12FARing,0.06666666666666667
morgan_11,0.06666666666666667
erg_88,0.06666666666666667
erg_72,0.06666666666666667
morgan_r3_509,0.06666666666666667
morgan_r3_511,0.06666666666666667
morgan_r3_1614,0.06666666666666667
morgan_130,0.06666666666666667
morgan_r3_763,0.06666666666666667
morgan_r3_1592,0.06666666666666667
morgan_r3_1595,0.06666666666666667
morgan_r3_1598,0.06666666666666667
morgan_r3_1605,0.06666666666666667
morgan_53,0.06666666666666667
morgan_46,0.06666666666666667
morgan_84,0.0
morgan_r3_758,0.0
morgan_54,0.0
morgan_59,0.0
morgan_67,0.0
morgan_r3_1606,0.0
morgan_r3_1596,0.0
morgan_25,0.0
morgan_77,0.0
morgan_76,0.0
morgan_75,0.0
morgan_138,0.0
morgan_136,0.0
morgan_r3_1610,0.0
erg_149,0.0
morgan_r3_1250,0.0
morgan_r3_1251,0.0
morgan_r3_1252,0.0
morgan_r3_1258,0.0
fcfp4_1038,0.0
fcfp4_1043,0.0
fcfp4_1139,0.0
morgan_r3_791,0.0
morgan_r3_714,0.0
morgan_122,0.0
morgan_127,0.0
morgan_226,0.0
morgan_157,0.0
morgan_172,0.0
morgan_177,0.0
morgan_r3_782,0.0
morgan_r3_981,0.0
morgan_r3_985,0.0
morgan_r3_986,0.0
morgan_1922,0.0
morgan_1876,0.0
morgan_r3_1006,0.0
morgan_r3_1008,0.0
morgan_r3_1011,0.0
morgan_r3_1012,0.0
morgan_1969,0.0
morgan_1981,0.0
rdkit_EState_VSA11,0.0
morgan_1934,0.0
morgan_r3_991,0.0
morgan_r3_998,0.0
morgan_r3_2046,0.0
morgan_1764,0.0
morgan_r3_1396,0.0
morgan_r3_1406,0.0
morgan_r3_1407,0.0
morgan_r3_1413,0.0
morgan_r3_2010,0.0
morgan_1809,0.0
morgan_1814,0.0
morgan_1822,0.0
morgan_1775,0.0
morgan_r3_2016,0.0
morgan_r3_2022,0.0
morgan_r3_2031,0.0
morgan_r3_2040,0.0
morgan_1844,0.0
morgan_1849,0.0
rdkit_fr_nitro,0.0
morgan_1730,0.0
morgan_1733,0.0
morgan_1737,0.0
morgan_1741,0.0
morgan_1950,0.0
morgan_1954,0.0
fcfp4_106,0.0
fcfp4_125,0.0
morgan_r3_459,0.0
morgan_r3_1378,0.0
morgan_r3_124,0.0
morgan_r3_128,0.0
fcfp4_127,0.0
fcfp4_144,0.0
fcfp4_178,0.0
morgan_r3_153,0.0
morgan_r3_154,0.0
morgan_r3_155,0.0
morgan_r3_156,0.0
morgan_r3_159,0.0
morgan_r3_956,0.0
morgan_r3_627,0.0
morgan_r3_635,0.0
morgan_r3_636,0.0
morgan_r3_977,0.0
morgan_1704,0.0
morgan_1712,0.0
morgan_1716,0.0
morgan_1721,0.0
morgan_1726,0.0
morgan_1777,0.0
morgan_1671,0.0
morgan_1679,0.0
morgan_1685,0.0
morgan_r3_148,0.0
fcfp4_181,0.0
fcfp4_195,0.0
morgan_2020,0.0
morgan_r3_621,0.0
morgan_1962,0.0
morgan_1964,0.0
morgan_2043,0.0
morgan_2045,0.0
morgan_1990,0.0
fcfp4_223,0.0
fcfp4_245,0.0
morgan_r3_152,0.0
morgan_1561,0.0
morgan_1563,0.0
morgan_r3_178,0.0
morgan_r3_1424,0.0
morgan_r3_1425,0.0
morgan_r3_1431,0.0
morgan_r3_967,0.0
morgan_r3_968,0.0
morgan_r3_1963,0.0
morgan_r3_1964,0.0
morgan_r3_1965,0.0
morgan_r3_1967,0.0
morgan_r3_1977,0.0
morgan_r3_1988,0.0
morgan_1643,0.0
morgan_1644,0.0
morgan_1594,0.0
morgan_1611,0.0
fcfp4_256,0.0
fcfp4_266,0.0
morgan_r3_1352,0.0
morgan_r3_1354,0.0
morgan_r3_1358,0.0
morgan_r3_447,0.0
morgan_r3_452,0.0
fcfp4_283,0.0
fcfp4_308,0.0
morgan_r3_98,0.0
morgan_r3_101,0.0
morgan_r3_1068,0.0
morgan_r3_572,0.0
morgan_1544,0.0
morgan_r3_410,0.0
morgan_r3_1443,0.0
morgan_1509,0.0
morgan_1444,0.0
morgan_r3_1960,0.0
morgan_1582,0.0
morgan_1520,0.0
morgan_1522,0.0
morgan_1529,0.0
morgan_1530,0.0
morgan_1539,0.0
morgan_1470,0.0
morgan_1475,0.0
morgan_1479,0.0
morgan_r3_654,0.0
morgan_1653,0.0
morgan_r3_657,0.0
morgan_r3_939,0.0
morgan_r3_945,0.0
morgan_1485,0.0
morgan_r3_600,0.0
morgan_r3_601,0.0
morgan_r3_1046,0.0
avalon_52,0.0
morgan_2024,0.0
morgan_2035,0.0
fcfp4_391,0.0
fcfp4_403,0.0
fcfp4_473,0.0
fcfp4_483,0.0
fcfp4_2015,0.0
morgan_1507,0.0
avalon_273,0.0
morgan_r3_1065,0.0
fcfp4_348,0.0
fcfp4_357,0.0
morgan_r3_97,0.0
morgan_r3_1333,0.0
morgan_r3_1338,0.0
morgan_r3_1340,0.0
morgan_1424,0.0
morgan_1427,0.0
morgan_1442,0.0
morgan_1375,0.0
morgan_1377,0.0
morgan_1382,0.0
morgan_1398,0.0
morgan_1399,0.0
morgan_r3_1073,0.0
morgan_r3_1075,0.0
morgan_r3_1082,0.0
fcfp4_378,0.0
morgan_r3_1094,0.0
morgan_r3_1098,0.0
morgan_r3_1104,0.0
morgan_r3_555,0.0
morgan_r3_1922,0.0
morgan_r3_1927,0.0
morgan_r3_1935,0.0
morgan_r3_1942,0.0
morgan_1456,0.0
morgan_1463,0.0
morgan_1469,0.0
fcfp4_2018,0.0
morgan_r3_1885,0.0
morgan_r3_1889,0.0
morgan_r3_1890,0.0
morgan_r3_1891,0.0
morgan_1363,0.0
morgan_1299,0.0
morgan_r3_1471,0.0
morgan_r3_1473,0.0
morgan_r3_391,0.0
morgan_1304,0.0
morgan_1327,0.0
morgan_1343,0.0
morgan_r3_196,0.0
avalon_406,0.0
morgan_r3_578,0.0
morgan_r3_580,0.0
morgan_1179,0.0
morgan_1321,0.0
morgan_1324,0.0
morgan_1264,0.0
morgan_1284,0.0
fcfp4_1928,0.0
fcfp4_1931,0.0
fcfp4_488,0.0
morgan_r3_1326,0.0
fcfp4_1866,0.0
morgan_r3_88,0.0
morgan_1218,0.0
morgan_1222,0.0
morgan_1232,0.0
morgan_r3_1883,0.0
morgan_r3_1884,0.0
morgan_r3_904,0.0
morgan_r3_89,0.0
fcfp4_498,0.0
fcfp4_519,0.0
fcfp4_558,0.0
fcfp4_1881,0.0
fcfp4_1894,0.0
morgan_r3_1314,0.0
morgan_r3_71,0.0
fcfp4_1754,0.0
avalon_578,0.0
morgan_r3_905,0.0
morgan_1186,0.0
morgan_1205,0.0
morgan_1212,0.0
morgan_1214,0.0
morgan_r3_403,0.0
morgan_1125,0.0
morgan_1129,0.0
morgan_1133,0.0
morgan_1139,0.0
morgan_1141,0.0
morgan_r3_1483,0.0
morgan_r3_1484,0.0
morgan_r3_1867,0.0
morgan_r3_1869,0.0
morgan_r3_1872,0.0
morgan_r3_201,0.0
morgan_r3_211,0.0
morgan_r3_1900,0.0
morgan_r3_1906,0.0
morgan_r3_902,0.0
morgan_r3_1125,0.0
morgan_r3_1137,0.0
morgan_1020,0.0
morgan_1034,0.0
morgan_1041,0.0
morgan_1045,0.0
morgan_997,0.0
morgan_1008,0.0
morgan_1011,0.0
morgan_r3_663,0.0
morgan_r3_669,0.0
morgan_r3_678,0.0
morgan_r3_893,0.0
morgan_1104,0.0
morgan_r3_1846,0.0
morgan_r3_1860,0.0
morgan_r3_1838,0.0
morgan_r3_686,0.0
morgan_1115,0.0
morgan_1055,0.0
morgan_1065,0.0
avalon_548,0.0
fcfp4_1803,0.0
fcfp4_1804,0.0
avalon_487,0.0
morgan_r3_563,0.0
morgan_r3_565,0.0
morgan_r3_566,0.0
morgan_r3_567,0.0
fcfp4_679,0.0
fcfp4_683,0.0
morgan_r3_1124,0.0
morgan_937,0.0
morgan_981,0.0
morgan_r3_1139,0.0
morgan_r3_535,0.0
fcfp4_1746,0.0
morgan_r3_67,0.0
morgan_r3_68,0.0
morgan_r3_475,0.0
morgan_r3_477,0.0
fcfp4_1691,0.0
fcfp4_1703,0.0
fcfp4_1706,0.0
morgan_r3_376,0.0
morgan_r3_1494,0.0
morgan_r3_1496,0.0
morgan_r3_1836,0.0
morgan_925,0.0
fcfp4_1718,0.0
morgan_r3_77,0.0
fcfp4_622,0.0
fcfp4_626,0.0
fcfp4_641,0.0
fcfp4_668,0.0
fcfp4_673,0.0
morgan_r3_59,0.0
fcfp4_1620,0.0
morgan_r3_537,0.0
morgan_r3_1807,0.0
morgan_r3_1812,0.0
morgan_r3_1813,0.0
morgan_r3_1814,0.0
morgan_r3_215,0.0
morgan_837,0.0
morgan_838,0.0
morgan_r3_1784,0.0
morgan_r3_1786,0.0
morgan_944,0.0
morgan_945,0.0
morgan_895,0.0
morgan_913,0.0
morgan_r3_1502,0.0
morgan_r3_1520,0.0
morgan_r3_1523,0.0
morgan_r3_1525,0.0
morgan_r3_688,0.0
morgan_r3_693,0.0
morgan_r3_870,0.0
morgan_r3_874,0.0
avalon_696,0.0
fcfp4_1525,0.0
morgan_r3_863,0.0
morgan_r3_867,0.0
morgan_r3_869,0.0
morgan_804,0.0
morgan_751,0.0
morgan_755,0.0
morgan_758,0.0
morgan_r3_1806,0.0
morgan_840,0.0
morgan_845,0.0
morgan_849,0.0
morgan_811,0.0
morgan_815,0.0
morgan_834,0.0
morgan_732,0.0
morgan_738,0.0
morgan_r3_236,0.0
morgan_789,0.0
morgan_790,0.0
morgan_r3_539,0.0
morgan_r3_540,0.0
morgan_r3_1140,0.0
morgan_r3_1144,0.0
fcfp4_1665,0.0
fcfp4_1680,0.0
fcfp4_1687,0.0
fcfp4_744,0.0
fcfp4_748,0.0
morgan_r3_35,0.0
morgan_r3_37,0.0
morgan_r3_1761,0.0
morgan_r3_1763,0.0
morgan_r3_1528,0.0
fcfp4_1567,0.0
fcfp4_1602,0.0
fcfp4_1618,0.0
morgan_r3_54,0.0
morgan_r3_1297,0.0
morgan_r3_1305,0.0
morgan_r3_1289,0.0
fcfp4_789,0.0
morgan_r3_1151,0.0
morgan_r3_1530,0.0
morgan_r3_1532,0.0
morgan_r3_1543,0.0
morgan_r3_1770,0.0
morgan_r3_1736,0.0
morgan_r3_358,0.0
morgan_r3_372,0.0
morgan_r3_1545,0.0
morgan_744,0.0
morgan_710,0.0
morgan_653,0.0
morgan_654,0.0
morgan_676,0.0
morgan_r3_1748,0.0
morgan_r3_1755,0.0
morgan_r3_1759,0.0
morgan_614,0.0
morgan_762,0.0
morgan_719,0.0
morgan_722,0.0
morgan_557,0.0
morgan_560,0.0
morgan_567,0.0
morgan_r3_698,0.0
morgan_r3_1716,0.0
morgan_r3_275,0.0
morgan_r3_278,0.0
morgan_626,0.0
morgan_628,0.0
morgan_632,0.0
morgan_635,0.0
morgan_637,0.0
morgan_640,0.0
morgan_641,0.0
morgan_642,0.0
morgan_576,0.0
morgan_519,0.0
morgan_r3_1546,0.0
morgan_r3_1549,0.0
morgan_r3_1550,0.0
morgan_597,0.0
morgan_r3_1167,0.0
morgan_r3_1169,0.0
morgan_r3_1172,0.0
fcfp4_1470,0.0
morgan_r3_63,0.0
fcfp4_722,0.0
fcfp4_736,0.0
fcfp4_1369,0.0
fcfp4_1409,0.0
morgan_607,0.0
morgan_547,0.0
avalon_749,0.0
fcfp4_1444,0.0
fcfp4_761,0.0
fcfp4_767,0.0
morgan_r3_1277,0.0
morgan_r3_1281,0.0
morgan_r3_1286,0.0
morgan_r3_1180,0.0
morgan_r3_1186,0.0
morgan_r3_1189,0.0
morgan_r3_1191,0.0
morgan_r3_519,0.0
morgan_571,0.0
mordred_C2SP1,0.0
morgan_512,0.0
morgan_514,0.0
morgan_r3_1709,0.0
morgan_420,0.0
morgan_421,0.0
morgan_521,0.0
morgan_530,0.0
morgan_539,0.0
morgan_541,0.0
morgan_493,0.0
morgan_496,0.0
morgan_497,0.0
morgan_455,0.0
morgan_467,0.0
morgan_471,0.0
morgan_r3_1723,0.0
morgan_r3_1733,0.0
avalon_748,0.0
mordred_SdS,0.0
morgan_r3_1675,0.0
morgan_r3_1680,0.0
morgan_r3_1686,0.0
morgan_r3_299,0.0
morgan_476,0.0
morgan_483,0.0
mordred_NdsN,0.0
mordred_NddsN,0.0
morgan_r3_1699,0.0
morgan_r3_1559,0.0
morgan_r3_1565,0.0
morgan_r3_1576,0.0
morgan_r3_1702,0.0
morgan_r3_1705,0.0
morgan_r3_1707,0.0
morgan_440,0.0
mordred_StCH,0.0
mordred_SdNH,0.0
fcfp4_803,0.0
fcfp4_843,0.0
morgan_r3_12,0.0
morgan_r3_20,0.0
morgan_r3_24,0.0
morgan_r3_26,0.0
morgan_r3_500,0.0
fcfp4_909,0.0
fcfp4_911,0.0
morgan_r3_1200,0.0
morgan_r3_1202,0.0
mordred_SdsssP,0.0
mordred_SsSH,0.0
fcfp4_1323,0.0
fcfp4_1328,0.0
morgan_r3_1179,0.0
erg_298,0.0
fcfp4_1026,0.0
fcfp4_1162,0.0
fcfp4_1215,0.0
morgan_r3_829,0.0
morgan_r3_834,0.0
morgan_r3_697,0.0
mordred_SsI,0.0
morgan_405,0.0
morgan_343,0.0
morgan_422,0.0
morgan_425,0.0
morgan_428,0.0
morgan_257,0.0
morgan_267,0.0
morgan_363,0.0
morgan_364,0.0
morgan_315,0.0
morgan_328,0.0
morgan_338,0.0
morgan_342,0.0
morgan_r3_348,0.0
morgan_r3_1587,0.0
morgan_r3_1591,0.0
morgan_r3_1664,0.0
morgan_r3_822,0.0
fcfp4_1270,0.0
avalon_920,0.0
avalon_933,0.0
morgan_r3_1641,0.0
morgan_r3_1648,0.0
morgan_r3_805,0.0
morgan_r3_812,0.0
morgan_r3_818,0.0
morgan_r3_528,0.0
morgan_r3_533,0.0
fcfp4_899,0.0
morgan_r3_499,0.0
morgan_r3_1210,0.0
morgan_r3_1217,0.0
morgan_301,0.0
morgan_311,0.0
morgan_r3_304,0.0
morgan_r3_308,0.0
morgan_r3_1660,0.0
morgan_r3_789,0.0
morgan_276,0.0
morgan_278,0.0
morgan_280,0.0
morgan_288,0.0
morgan_r3_1220,0.0
morgan_r3_1222,0.0
morgan_r3_1227,0.0
fcfp4_929,0.0
morgan_r3_0,0.0
fcfp4_962,0.0
morgan_r3_516,0.0
morgan_r3_517,0.0
fcfp4_1118,0.0
morgan_r3_1242,0.0
morgan_r3_1640,0.0
morgan_16,0.0
morgan_9,0.0
morgan_33,0.0
morgan_99,0.0
morgan_101,0.0
morgan_r3_752,0.0
morgan_r3_764,0.0
morgan_r3_775,0.0
morgan_r3_776,0.0
morgan_r3_777,0.0
morgan_81,0.0
morgan_83,0.0
morgan_27,0.0
morgan_70,0.0
morgan_250,0.0
morgan_198,0.0
morgan_r3_1382,0.0
morgan_r3_427,0.0
morgan_r3_435,0.0
morgan_1892,0.0
morgan_1838,0.0
morgan_r3_134,0.0
morgan_r3_139,0.0
morgan_r3_141,0.0
fcfp4_39,0.0
fcfp4_44,0.0
fcfp4_49,0.0
morgan_r3_113,0.0
morgan_r3_120,0.0
morgan_1895,0.0
morgan_1918,0.0
mordred_n11FRing,0.0
